fcode,nama stasiun,kode stasiun,kd_prov,kabkot,provinsi,kode_unik,waktu_berangkat,waktu_datang,tanggal,kelas,nama_kereta,kapasitas,objectid,harga
CD01050140,AIR ASAM,AIS/ASM,16,KAB. MUARA ENIM,SUMATERA SELATAN,CD010501402119,23:26,2:07,12/14/2023,Eksekutif,Argo Sindoro,100,107,500000
CD01050140,Lambaro,LRO,11,KAB. ACEH BESAR,ACEH,CD010501409327,11:32,21:13,12/17/2023,Pariwisata,Argo Wilis,30,1,300000
CD01050140,LECES,LEC,35,KAB. PROBOLINGGO,JAWA TIMUR,CD010501408282,20:08,23:22,12/22/2023,Bisnis,Turangga,150,623,200000
CD01050140,PROBOLINGGO,PB,35,KAB. PROBOLINGGO,JAWA TIMUR,CD010501407549,17:09,1:35,12/29/2023,Pariwisata,Bima,30,624,300000
CD01050140,GRATI,GI,35,KOTA PASURUAN,JAWA TIMUR,CD010501402246,4:31,7:34,12/11/2023,Pariwisata,Argo Bromo Anggrek,30,738,300000
CD01050140,PASURUAN,PS,35,KOTA PASURUAN,JAWA TIMUR,CD010501409445,17:10,20:56,12/22/2023,Bisnis,Gajayana,150,739,200000
CD01050140,REJOSO,RO,35,KOTA PASURUAN,JAWA TIMUR,CD010501407769,0:07,4:38,12/31/2023,Bisnis,Argo Parahyangan,150,740,200000
CD01050140,ARAS KABU,ARB,12,KAB. DELI SERDANG,SUMATERA UTARA,CD010501404637,5:50,11:52,12/15/2023,Pariwisata,Argo Parahyangan,30,20,300000
CD01050140,BATANG KUIS,BTK,12,KAB. DELI SERDANG,SUMATERA UTARA,CD010501409151,20:31,6:24,12/25/2023,Ekonomi,Argo Mawar,200,21,100000
CD01050140,LUBUK PAKAM,LBP,12,KAB. DELI SERDANG,SUMATERA UTARA,CD010501409681,4:57,8:43,12/24/2023,Premium,Taksaka,50,22,400000
CD01050140,DOLOK MERANGIR,DMR,12,KAB. SIMALUNGUN,SUMATERA UTARA,CD010501403487,19:54,19:03,12/31/2023,Ekonomi,Bangunkarta,200,25,100000
CD01050140,PERLANAAN,PRA,12,KAB. SIMALUNGUN,SUMATERA UTARA,CD010501408216,18:07,5:06,12/12/2023,Bisnis,Argo Dwipangga,150,26,200000
CD01050140,BANDAR TINGGI,BDT,12,KAB. SIMALUNGUN,SUMATERA UTARA,CD010501401408,18:16,0:25,12/21/2023,Ekonomi,Bima,200,27,100000
CD01050140,AEK LOBA,AKB,12,KAB. ASAHAN,SUMATERA UTARA,CD010501405103,10:55,16:17,12/15/2023,Bisnis,Turangga,150,28,200000
CD01050140,KISARAN,KIS,12,KAB. ASAHAN,SUMATERA UTARA,CD010501401827,9:30,18:10,12/28/2023,Ekonomi,Muntilan,200,29,100000
CD01050140,PULU RAJA,PUR,12,KAB. ASAHAN,SUMATERA UTARA,CD010501401522,14:53,20:04,12/13/2023,Ekonomi,Orchid Jaya,200,30,100000
CD01050140,RANTAU PRAPAT,RAP,12,KAB. LABUHANBATU,SUMATERA UTARA,CD010501408067,7:14,10:41,1/5/2024,Premium,Argo Lawu,50,32,400000
CD01050140,PERBAUNGAN,PBA,12,KAB. SERDANG BEDAGAI,SUMATERA UTARA,CD010501409233,22:59,0:14,12/24/2023,Premium,Gajayana,50,33,400000
CD01050140,BAMBAN,BMB,12,KAB. SERDANG BEDAGAI,SUMATERA UTARA,CD010501406227,15:06,19:01,12/12/2023,Premium,Sembrani,50,34,400000
CD01050140,RAMPAH/PAMINGKE,RPH,12,KAB. SERDANG BEDAGAI,SUMATERA UTARA,CD010501404938,19:51,2:14,12/22/2023,Premium,Turangga,50,35,400000
CD01050140,LIMA PULUH,LMP,12,KAB. BATU BARA,SUMATERA UTARA,CD010501404679,18:43,0:17,12/14/2023,Ekonomi,Argo Muria,200,36,100000
CD01050140,SEI BEJANGKAR,SBJ,12,KAB. BATU BARA,SUMATERA UTARA,CD010501407778,6:36,14:26,1/5/2024,Ekonomi,Bangunkarta,200,37,100000
CD01050140,LAUT TADOR,LTD,12,KAB. BATU BARA,SUMATERA UTARA,CD010501400738,4:03,6:37,12/21/2023,Premium,Argo Mawar,50,38,400000
CD01050140,MAMBANG MUDA,MBM,12,KAB. LABUHANBATU UTARA,SUMATERA UTARA,CD010501401759,0:05,2:49,1/1/2024,Bisnis,Argo Dwipangga,150,39,200000
CD01050140,MERBAU,MBU,12,KAB. LABUHANBATU UTARA,SUMATERA UTARA,CD010501403901,7:33,10:48,1/5/2024,Eksekutif,Jayakarta,100,40,500000
CD01050140,PADANG HALABAN,PHA,12,KAB. LABUHANBATU UTARA,SUMATERA UTARA,CD010501407818,11:02,19:17,12/28/2023,Bisnis,Argo Lawu,150,41,200000
CD01050140,BUNGAMAS,BGM,16,KAB. LAHAT,SUMATERA SELATAN,CD010501404781,8:40,13:23,12/30/2023,Premium,Argo Dwipangga,50,126,400000
CD01050140,PASAR SENEN,PSE,31,KOTA ADM. JAKARTA PUSAT,DKI JAKARTA,CD010501406737,12:16,18:27,12/14/2023,Ekonomi,Muntilan,200,175,100000
CD01050140,RAJAWALI,RJW,31,KOTA ADM. JAKARTA PUSAT,DKI JAKARTA,CD010501400678,11:19,13:42,12/11/2023,Pariwisata,Gajayana,30,176,300000
CD01050140,TANAH ABANG,THB,31,KOTA ADM. JAKARTA PUSAT,DKI JAKARTA,CD010501400635,16:51,17:27,12/19/2023,Premium,Argo Sindoro,50,177,400000
CD01050140,Gondangdia,GDD,31,KOTA JAKARTA PUSAT,DKI JAKARTA,CD010501406183,14:55,18:21,1/4/2024,Bisnis,Sembrani,150,178,200000
CD01050140,Juanda,JUA,31,KOTA JAKARTA PUSAT,DKI JAKARTA,CD010501400478,21:13,7:03,12/13/2023,Premium,Argo Muria,50,179,400000
CD01050140,Karet,KAT,31,KOTA JAKARTA PUSAT,DKI JAKARTA,CD010501405929,12:28,20:35,12/14/2023,Ekonomi,Argo Lawu,200,180,100000
CD01050140,Mangga Besar,MGB,31,KOTA JAKARTA PUSAT,DKI JAKARTA,CD010501406096,10:16,20:18,12/31/2023,Ekonomi,Argo Parahyangan,200,182,100000
CD01050140,Sawah Besar,SWB/SW,31,KOTA JAKARTA PUSAT,DKI JAKARTA,CD010501402955,22:29,3:38,12/10/2023,Ekonomi,Muntilan,200,183,100000
CD01050140,Sentiong,GST,31,KOTA JAKARTA PUSAT,DKI JAKARTA,CD010501400914,9:21,14:42,12/14/2023,Ekonomi,Turangga,200,184,100000
CD01050140,Sudirman,SUD,31,KOTA JAKARTA PUSAT,DKI JAKARTA,CD010501402526,17:06,18:13,12/27/2023,Eksekutif,Gajayana,100,185,500000
CD01050140,ANCOL,AC,31,KOTA ADM. JAKARTA UTARA,DKI JAKARTA,CD010501400239,14:46,20:23,12/19/2023,Ekonomi,Gajayana,200,186,100000
CD01050140,JAKARTA GUDANG,JAKG,31,KOTA ADM. JAKARTA UTARA,DKI JAKARTA,CD010501400180,16:41,0:48,12/25/2023,Pariwisata,Sembrani,30,187,300000
CD01050140,TANJUNG PRIOK,TPK,31,KOTA ADM. JAKARTA UTARA,DKI JAKARTA,CD010501407354,12:08,15:36,12/29/2023,Premium,Bima,50,188,400000
CD01050140,Kampung Bandan Atas,KPB A,31,KOTA JAKARTA UTARA,DKI JAKARTA,CD010501408233,14:23,19:43,12/10/2023,Ekonomi,Argo Muria,200,189,100000
CD01050140,Kampung Bandan Bawah,KPB B,31,KOTA JAKARTA UTARA,DKI JAKARTA,CD010501403933,5:48,14:53,12/24/2023,Bisnis,Jayakarta,150,190,200000
CD01050140,Pasoso,POO,31,KOTA JAKARTA UTARA,DKI JAKARTA,CD010501402391,20:58,7:22,12/19/2023,Ekonomi,Gajayana,200,191,100000
CD01050140,Sungai Lagoa,SAO,31,KOTA JAKARTA UTARA,DKI JAKARTA,CD010501408831,5:59,7:56,12/24/2023,Premium,Orchid Jaya,50,192,400000
CD01050140,ANGKE,AK,31,KOTA ADM. JAKARTA BARAT,DKI JAKARTA,CD010501408032,10:37,13:48,12/24/2023,Premium,Argo Wilis,50,193,400000
CD01050140,DURI,DU,31,KOTA ADM. JAKARTA BARAT,DKI JAKARTA,CD010501406010,10:02,19:37,12/22/2023,Ekonomi,Muntilan,200,194,100000
CD01050140,JAKARTA KOTA,JAKK,31,KOTA ADM. JAKARTA BARAT,DKI JAKARTA,CD010501404085,1:32,3:49,1/2/2024,Eksekutif,Bima,100,195,500000
CD01050140,Bojong Indah,BOI,31,KOTA JAKARTA BARAT,DKI JAKARTA,CD010501409622,15:45,17:26,12/18/2023,Premium,Argo Dwipangga,50,196,400000
CD01050140,Grogol,GRG,31,KOTA JAKARTA BARAT,DKI JAKARTA,CD010501401455,14:08,14:06,12/22/2023,Bisnis,Argo Dwipangga,150,197,200000
CD01050140,Jayakarta,JYK/JAY,31,KOTA JAKARTA PUSAT,DKI JAKARTA,CD010501401224,17:36,17:16,12/24/2023,Pariwisata,Turangga,30,198,300000
CD01050140,Kalideres,KDS,31,KOTA JAKARTA BARAT,DKI JAKARTA,CD010501409051,14:04,17:57,12/31/2023,Premium,Turangga,50,199,400000
CD01050140,Pesing,PSG,31,KOTA JAKARTA BARAT,DKI JAKARTA,CD010501404479,9:30,18:02,12/28/2023,Premium,Argo Mawar,50,200,400000
CD01050140,Rawa Buaya,RW,31,KOTA JAKARTA BARAT,DKI JAKARTA,CD010501408270,10:40,12:04,12/14/2023,Premium,Argo Parahyangan,50,201,400000
CD01050140,Taman Kota,TKO,31,KOTA JAKARTA BARAT,DKI JAKARTA,CD010501404339,17:47,21:52,12/21/2023,Pariwisata,Jayakarta,30,202,300000
CD01050140,KEBAYORAN,KBY,31,KOTA ADM. JAKARTA SELATAN,DKI JAKARTA,CD010501409522,0:59,1:12,12/16/2023,Eksekutif,New Argo Jati,100,203,500000
CD01050140,MANGGARAI,MRI,31,KOTA ADM. JAKARTA SELATAN,DKI JAKARTA,CD010501403035,0:51,1:46,12/14/2023,Pariwisata,Argo Wilis,30,204,300000
CD01050140,Cawang,CWG/CW,31,KOTA JAKARTA SELATAN,DKI JAKARTA,CD010501401972,16:51,1:00,12/25/2023,Premium,Argo Muria,50,205,400000
CD01050140,Duren Kalibata,DRN,31,KOTA JAKARTA SELATAN,DKI JAKARTA,CD010501408880,13:57,22:02,12/26/2023,Ekonomi,Jayakarta,200,206,100000
CD01050140,Lenteng Agung,LTA/LNA,31,KOTA JAKARTA SELATAN,DKI JAKARTA,CD010501402724,2:02,13:44,12/23/2023,Pariwisata,Argo Muria,30,207,300000
CD01050140,Pasar Minggu,PSM,31,KOTA JAKARTA SELATAN,DKI JAKARTA,CD010501409976,2:39,3:31,12/17/2023,Bisnis,Argo Wilis,150,208,200000
CD01050140,Pasar Minggu Baru,PSMB,31,KOTA JAKARTA SELATAN,DKI JAKARTA,CD010501401290,13:09,22:56,12/24/2023,Ekonomi,Jayakarta,200,209,100000
CD01050140,Tanjung Barat,TNT,31,KOTA JAKARTA SELATAN,DKI JAKARTA,CD010501406699,12:51,20:13,12/17/2023,Pariwisata,Taksaka,30,210,300000
CD01050140,Tebet,TEB,31,KOTA JAKARTA SELATAN,DKI JAKARTA,CD010501409729,15:17,15:01,12/23/2023,Ekonomi,Argo Bromo Anggrek,200,211,100000
CD01050140,Universitas Pancasila,UP,31,KOTA JAKARTA SELATAN,DKI JAKARTA,CD010501404875,21:59,6:42,1/4/2024,Pariwisata,Orchid Jaya,30,212,300000
CD01050140,BUARAN,BUA,31,KOTA ADM. JAKARTA TIMUR,DKI JAKARTA,CD010501404165,18:45,23:35,12/29/2023,Pariwisata,Argo Parahyangan,30,213,300000
CD01050140,JATINEGARA,JNG,31,KOTA ADM. JAKARTA TIMUR,DKI JAKARTA,CD010501403128,1:21,5:58,12/10/2023,Premium,Argo Parahyangan,50,216,400000
CD01050140,KLENDER,KLD,31,KOTA ADM. JAKARTA TIMUR,DKI JAKARTA,CD010501402773,9:48,10:40,12/15/2023,Premium,Orchid Jaya,50,217,400000
CD01050140,KLENDER BARU,KLDB,31,KOTA ADM. JAKARTA TIMUR,DKI JAKARTA,CD010501408692,14:13,17:24,12/15/2023,Bisnis,Muntilan,150,218,200000
CD01050140,PONDOK JATI,POK,31,KOTA ADM. JAKARTA TIMUR,DKI JAKARTA,CD010501401684,16:09,19:45,12/24/2023,Bisnis,Argo Dwipangga,150,219,200000
CD01050140,CIBINONG,CBN/CBG,32,KAB. BOGOR,JAWA BARAT,CD010501403879,6:37,12:43,1/4/2024,Bisnis,Sembrani,150,220,200000
CD01050140,CIGOMBONG,CGB,32,KAB. BOGOR,JAWA BARAT,CD010501404172,0:44,9:06,12/29/2023,Ekonomi,Muntilan,200,221,100000
CD01050140,CILEJIT,CJT,32,KAB. BOGOR,JAWA BARAT,CD010501408098,15:01,23:57,12/12/2023,Pariwisata,Taksaka,30,222,300000
CD01050140,MASENG,MSG,32,KAB. BOGOR,JAWA BARAT,CD010501401097,7:16,16:45,12/24/2023,Ekonomi,Jayakarta,200,223,100000
CD01050140,NAMBO,NMO,32,KAB. BOGOR,JAWA BARAT,CD010501402137,22:57,8:51,12/26/2023,Premium,Gajayana,50,224,400000
CD01050140,PARUNG PANJANG,PRP,32,KAB. BOGOR,JAWA BARAT,CD010501405959,8:45,9:01,1/1/2024,Bisnis,Argo Muria,150,225,200000
CD01050140,TENJO,TEJ,32,KAB. BOGOR,JAWA BARAT,CD010501409209,6:35,9:09,1/5/2024,Pariwisata,Argo Dwipangga,30,226,300000
CD01050140,Bojong Gede,BJD,32,KAB. BOGOR,JAWA BARAT,CD010501403016,8:39,16:41,12/30/2023,Premium,Argo Wilis,50,227,400000
CD01050140,Cilebut,CLT,32,KAB. BOGOR,JAWA BARAT,CD010501407147,8:27,11:49,12/23/2023,Pariwisata,Argo Lawu,30,228,300000
CD01050140,CIBADAK,CBD,32,KAB. SUKABUMI,JAWA BARAT,CD010501401538,0:59,2:54,12/15/2023,Premium,Argo Muria,50,232,400000
CD01050140,CICURUG,CCR,32,KAB. SUKABUMI,JAWA BARAT,CD010501407488,23:00,4:16,12/12/2023,Bisnis,Argo Sindoro,150,233,200000
CD01050140,CISAAT,CSA,32,KAB. SUKABUMI,JAWA BARAT,CD010501409279,11:53,13:28,12/24/2023,Bisnis,Argo Wilis,150,235,200000
CD01050140,KARANG TENGAH,KE,32,KAB. SUKABUMI,JAWA BARAT,CD010501400148,7:39,17:54,12/18/2023,Pariwisata,Argo Dwipangga,30,237,300000
CD01050140,PARUNG KUDA,PRK,32,KAB. SUKABUMI,JAWA BARAT,CD010501408885,6:18,13:11,12/11/2023,Pariwisata,Argo Bromo Anggrek,30,238,300000
CD01050140,CIKAMPEK,CKP,32,KAB. KARAWANG,JAWA BARAT,CD010501408173,17:58,2:35,12/28/2023,Eksekutif,Argo Mawar,100,310,500000
CD01050140,DAWUAN,DWN,32,KAB. KARAWANG,JAWA BARAT,CD010501409317,11:26,15:39,12/10/2023,Premium,Bima,50,311,400000
CD01050140,KARAWANG,KW,32,KAB. KARAWANG,JAWA BARAT,CD010501405237,17:24,23:13,1/3/2024,Premium,Argo Bromo Anggrek,50,312,400000
CD01050140,KLARI,KLI,32,KAB. KARAWANG,JAWA BARAT,CD010501408547,18:05,4:11,12/30/2023,Ekonomi,New Argo Jati,200,313,100000
CD01050140,KOSAMBI,KOS,32,KAB. KARAWANG,JAWA BARAT,CD010501406104,6:45,15:28,1/3/2024,Premium,New Argo Jati,50,314,400000
CD01050140,TAMBUN,TB,32,KAB. BEKASI,JAWA BARAT,CD010501406901,9:04,14:25,12/17/2023,Bisnis,Taksaka,150,316,200000
CD01050140,Cibitung,CBT/CIT,32,KAB. BEKASI,JAWA BARAT,CD010501401416,17:31,1:56,12/23/2023,Eksekutif,Argo Mawar,100,317,500000
CD01050140,Metland Telaga Murni,MTM,32,KAB. BEKASI,JAWA BARAT,CD010501406346,17:48,23:13,12/23/2023,Ekonomi,Argo Wilis,200,318,100000
CD01050140,KEDUNG GEDEH,KDH,32,KAB. BEKASI,JAWA BARAT,CD010501406025,0:43,10:17,12/31/2023,Eksekutif,Sembrani,100,319,500000
CD01050140,LEMAH ABANG,LMB,32,KAB. BEKASI,JAWA BARAT,CD010501405368,0:46,10:37,12/28/2023,Bisnis,Turangga,150,320,200000
CD01050140,BATU TULIS,BTT,32,KOTA BOGOR,JAWA BARAT,CD010501403443,1:07,5:21,12/20/2023,Premium,Argo Sindoro,50,334,400000
CD01050140,BOGOR,BOO,32,KOTA BOGOR,JAWA BARAT,CD010501403053,14:36,1:06,12/28/2023,Eksekutif,Jayakarta,100,335,500000
CD01050140,Ciomas,CS,32,KOTA BOGOR,JAWA BARAT,CD010501407400,11:58,19:40,12/24/2023,Bisnis,Argo Bromo Anggrek,150,337,200000
CD01050140,SUKABUMI,SI,32,KOTA SUKABUMI,JAWA BARAT,CD010501402128,12:46,13:13,1/3/2024,Pariwisata,Gajayana,30,338,300000
CD01050140,BEKASI,BKS,32,KOTA BEKASI,JAWA BARAT,CD010501409431,1:00,3:23,12/27/2023,Bisnis,Argo Sindoro,150,350,200000
CD01050140,Kranji,KRI,32,KOTA BEKASI,JAWA BARAT,CD010501406449,5:11,7:26,12/19/2023,Premium,Argo Sindoro,50,351,400000
CD01050140,Depok,DP,32,KOTA DEPOK,JAWA BARAT,CD010501400930,15:34,0:21,1/5/2024,Pariwisata,Gajayana,30,352,300000
CD01050140,Depok Baru,DPB,32,KOTA DEPOK,JAWA BARAT,CD010501404373,9:01,10:24,12/12/2023,Bisnis,Argo Sindoro,150,353,200000
CD01050140,Pondok Cina,POC,32,KOTA DEPOK,JAWA BARAT,CD010501401318,23:00,6:29,12/26/2023,Eksekutif,Bima,100,354,500000
CD01050140,Universitas Indonesia,UI,32,KOTA DEPOK,JAWA BARAT,CD010501403183,19:55,23:30,12/18/2023,Ekonomi,New Argo Jati,200,355,100000
CD01050140,Citayam,CTA,32,KOTA DEPOK,JAWA BARAT,CD010501407361,13:39,13:03,12/20/2023,Ekonomi,Argo Lawu,200,356,100000
CD01050140,MAJA,MJ,36,KAB. LEBAK,BANTEN,CD010501407283,15:30,17:17,1/5/2024,Pariwisata,Sembrani,30,767,300000
CD01050140,RANGKASBITUNG,RK,36,KAB. LEBAK,BANTEN,CD010501409383,14:41,20:55,12/29/2023,Ekonomi,Argo Bromo Anggrek,200,768,100000
CD01050140,Citeras,CTR,36,KAB. LEBAK,BANTEN,CD010501408212,22:44,5:12,12/19/2023,Premium,Argo Lawu,50,770,400000
CD01050140,Cicayur,CCY/CC,36,KAB. TANGERANG,BANTEN,CD010501401927,0:16,1:20,1/3/2024,Pariwisata,Argo Mawar,30,771,300000
CD01050140,Cikoya,CKY,36,KAB. TANGERANG,BANTEN,CD010501406096,17:47,0:57,12/26/2023,Premium,Muntilan,50,772,400000
CD01050140,Cisauk,CSK,36,KAB. TANGERANG,BANTEN,CD010501408047,22:15,23:06,12/15/2023,Ekonomi,Argo Muria,200,773,100000
CD01050140,Daru,DAR,36,KAB. TANGERANG,BANTEN,CD010501407014,13:36,16:35,1/3/2024,Pariwisata,Muntilan,30,774,300000
CD01050140,Tigaraksa,TGS,36,KAB. TANGERANG,BANTEN,CD010501404734,17:33,0:39,12/25/2023,Pariwisata,Orchid Jaya,30,775,300000
CD01050140,CATANG,CT,36,KAB. SERANG,BANTEN,CD010501403730,6:04,12:21,12/15/2023,Premium,Argo Sindoro,50,776,400000
CD01050140,CIKEUSAL,CKL,36,KAB. SERANG,BANTEN,CD010501408018,20:25,5:01,12/17/2023,Eksekutif,Taksaka,100,777,500000
CD01050140,JAMBU BARU,JBU,36,KAB. SERANG,BANTEN,CD010501402331,17:45,0:15,12/12/2023,Bisnis,Gajayana,150,778,200000
CD01050140,TONJONG BARU,TOJB/TJB,36,KAB. SERANG,BANTEN,CD010501400625,22:41,6:20,12/25/2023,Premium,Argo Muria,50,779,400000
CD01050140,Batuceper,BPR,36,KOTA TANGERANG,BANTEN,CD010501408310,14:04,21:15,12/17/2023,Pariwisata,Argo Parahyangan,30,781,300000
CD01050140,Poris,PI,36,KOTA TANGERANG,BANTEN,CD010501401005,12:30,20:34,12/26/2023,Ekonomi,Orchid Jaya,200,782,100000
CD01050140,Tangerang,TNG,36,KOTA TANGERANG,BANTEN,CD010501402122,14:44,20:47,12/26/2023,Ekonomi,Argo Sindoro,200,783,100000
CD01050140,CIGADING,CGD,36,KOTA CILEGON,BANTEN,CD010501400020,2:17,11:19,12/17/2023,Eksekutif,Argo Parahyangan,100,784,500000
CD01050140,CILEGON,CLG,36,KOTA CILEGON,BANTEN,CD010501407489,6:24,7:58,12/29/2023,Bisnis,Gajayana,150,785,200000
CD01050140,KRENCENG,KEN,36,KOTA CILEGON,BANTEN,CD010501402939,7:19,10:09,1/5/2024,Eksekutif,Argo Muria,100,786,500000
CD01050140,MERAK,MER,36,KOTA CILEGON,BANTEN,CD010501407749,9:48,10:18,12/30/2023,Bisnis,Argo Sindoro,150,787,200000
CD01050140,KARANGANTU,KRA,36,KOTA SERANG,BANTEN,CD010501407832,0:49,0:46,12/21/2023,Bisnis,Jayakarta,150,788,200000
CD01050140,SERANG,SG,36,KOTA SERANG,BANTEN,CD010501405533,17:09,1:00,12/18/2023,Bisnis,Muntilan,150,789,200000
CD01050140,WALANTAKA,WLT,36,KOTA SERANG,BANTEN,CD010501408702,21:38,3:23,12/24/2023,Eksekutif,Argo Lawu,100,790,500000
CD01050140,PONDOK RANJI,PDJ,36,KOTA TANGERANG SELATAN,BANTEN,CD010501403565,13:48,20:29,12/21/2023,Ekonomi,Bima,200,791,100000
CD01050140,SERPONG,SRP,36,KOTA TANGERANG SELATAN,BANTEN,CD010501405415,0:33,2:55,1/5/2024,Pariwisata,Bangunkarta,30,792,300000
CD01050140,SUDIMARA,SDM,36,KOTA TANGERANG SELATAN,BANTEN,CD010501407076,4:55,12:35,12/12/2023,Premium,Turangga,50,793,400000
CD01050140,Jurang Mangu,JMU,36,KOTA TANGERANG SELATAN,BANTEN,CD010501404348,11:53,19:20,12/28/2023,Bisnis,Argo Parahyangan,150,794,200000
CD01050140,Rawa Buntu,RU,36,KOTA TANGERANG SELATAN,BANTEN,CD010501409433,11:05,15:13,1/2/2024,Bisnis,Taksaka,150,795,200000
CD01050140,CIREUNGAS,CRG,32,KAB. SUKABUMI,JAWA BARAT,CD010501408477,19:12,21:04,12/21/2023,Bisnis,Argo Bromo Anggrek,150,234,200000
CD01050140,GANDASOLI,GDS,32,KAB. SUKABUMI,JAWA BARAT,CD010501400780,14:35,0:32,12/25/2023,Bisnis,Taksaka,150,236,200000
CD01050140,CIANJUR,CJ,32,KAB. CIANJUR,JAWA BARAT,CD010501401413,4:32,11:07,12/10/2023,Ekonomi,Argo Lawu,200,242,100000
CD01050140,CIBEBER,CBB,32,KAB. CIANJUR,JAWA BARAT,CD010501409233,11:24,11:52,12/15/2023,Premium,Sembrani,50,243,400000
CD01050140,CIPEUYEUM,CPY,32,KAB. CIANJUR,JAWA BARAT,CD010501400788,21:50,23:57,1/4/2024,Premium,Orchid Jaya,50,244,400000
CD01050140,CIRANJANG,CRJ,32,KAB. CIANJUR,JAWA BARAT,CD010501402844,0:17,2:07,12/16/2023,Bisnis,Argo Wilis,150,245,200000
CD01050140,LAMPEGAN,LP,32,KAB. CIANJUR,JAWA BARAT,CD010501408966,1:05,11:53,1/1/2024,Ekonomi,Bima,200,246,100000
CD01050140,CICALENGKA,CCL,32,KAB. BANDUNG,JAWA BARAT,CD010501406600,12:53,21:52,12/16/2023,Ekonomi,Turangga,200,247,100000
CD01050140,HAURPUGUR,HRP,32,KAB. BANDUNG,JAWA BARAT,CD010501400015,19:18,1:38,12/28/2023,Ekonomi,Argo Muria,200,248,100000
CD01050140,NAGREG,NG,32,KAB. BANDUNG,JAWA BARAT,CD010501400470,15:53,20:34,12/16/2023,Premium,Taksaka,50,249,400000
CD01050140,RANCAEKEK,RCK,32,KAB. BANDUNG,JAWA BARAT,CD010501403232,16:25,22:39,12/24/2023,Eksekutif,Argo Lawu,100,250,500000
CD01050140,Lebak Jero,LBJ,32,KAB. BANDUNG,JAWA BARAT,CD010501402989,13:52,0:08,12/22/2023,Ekonomi,Bima,200,252,100000
CD01050140,Bumi Waluya,BMW,32,KAB. GARUT,JAWA BARAT,CD010501400125,0:25,7:17,12/18/2023,Eksekutif,Argo Parahyangan,100,255,500000
CD01050140,Warung Bandrek,WB,32,KAB. GARUT,JAWA BARAT,CD010501404666,10:37,16:20,12/17/2023,Premium,New Argo Jati,50,258,400000
CD01050140,CIBATU,CB,32,KAB. GARUT,JAWA BARAT,CD010501400073,12:24,20:29,12/31/2023,Ekonomi,Gajayana,200,259,100000
CD01050140,CIPEUNDEUY,CPD,32,KAB. GARUT,JAWA BARAT,CD010501401120,11:40,13:28,12/20/2023,Pariwisata,Sembrani,30,260,300000
CD01050140,GARUT,GRT,32,KAB. GARUT,JAWA BARAT,CD010501408781,0:14,10:58,12/29/2023,Pariwisata,Bangunkarta,30,261,300000
CD01050140,KARANG SARI,KRAI,32,KAB. GARUT,JAWA BARAT,CD010501407827,3:32,9:34,12/19/2023,Ekonomi,Turangga,200,262,100000
CD01050140,LELES,LL/LE,32,KAB. GARUT,JAWA BARAT,CD010501407817,19:38,22:30,12/11/2023,Pariwisata,Argo Parahyangan,30,263,300000
CD01050140,LEUWIGOONG,LO/LWG,32,KAB. GARUT,JAWA BARAT,CD010501405504,10:47,19:40,12/28/2023,Pariwisata,Jayakarta,30,264,300000
CD01050140,Cirahayu,CAA,32,KAB. TASIKMALAYA,JAWA BARAT,CD010501405640,18:40,21:27,12/12/2023,Pariwisata,Argo Lawu,30,267,300000
CD01050140,Manonjaya,MNJ,32,KAB. TASIKMALAYA,JAWA BARAT,CD010501407724,16:50,2:23,1/4/2024,Premium,Argo Bromo Anggrek,50,268,400000
CD01050140,Rajapolah,RJP,32,KAB. TASIKMALAYA,JAWA BARAT,CD010501404631,21:43,21:07,12/20/2023,Premium,Muntilan,50,270,400000
CD01050140,CIAWI,CAW,32,KAB. TASIKMALAYA,JAWA BARAT,CD010501406488,4:17,9:01,12/31/2023,Pariwisata,Argo Muria,30,271,300000
CD01050140,Bojong,BJG,32,KAB. CIAMIS,JAWA BARAT,CD010501404859,17:21,2:12,12/12/2023,Premium,New Argo Jati,50,272,400000
CD01050140,CIAMIS,CI,32,KAB. CIAMIS,JAWA BARAT,CD010501405213,6:42,12:57,12/15/2023,Eksekutif,Argo Wilis,100,273,500000
CD01050140,CIBUNGUR,CBR,32,KAB. PURWAKARTA,JAWA BARAT,CD010501407141,14:36,16:22,12/18/2023,Ekonomi,Argo Dwipangga,200,303,100000
CD01050140,CIGANEA,CA,32,KAB. PURWAKARTA,JAWA BARAT,CD010501404876,10:47,16:58,12/27/2023,Eksekutif,Argo Wilis,100,304,500000
CD01050140,PLERED,PLD,32,KAB. PURWAKARTA,JAWA BARAT,CD010501402347,12:57,16:46,12/28/2023,Pariwisata,Gajayana,30,305,300000
CD01050140,PURWAKARTA,PWK,32,KAB. PURWAKARTA,JAWA BARAT,CD010501409060,0:38,8:52,12/14/2023,Eksekutif,New Argo Jati,100,306,500000
CD01050140,SUKATANI,SUT,32,KAB. PURWAKARTA,JAWA BARAT,CD010501400644,8:28,15:36,12/19/2023,Premium,Gajayana,50,307,400000
CD01050140,Tagog Apu,TAU,32,KAB. BANDUNG BARAT,JAWA BARAT,CD010501409112,15:35,19:20,12/27/2023,Premium,Jayakarta,50,322,400000
CD01050140,CIKADONGDONG,CD,32,KAB. BANDUNG BARAT,JAWA BARAT,CD010501400479,15:01,15:14,12/30/2023,Bisnis,Argo Bromo Anggrek,150,323,200000
CD01050140,CILAME,CLE,32,KAB. BANDUNG BARAT,JAWA BARAT,CD010501400202,2:22,7:09,12/15/2023,Ekonomi,Bangunkarta,200,324,100000
CD01050140,CIPATAT,CPT,32,KAB. BANDUNG BARAT,JAWA BARAT,CD010501400148,14:04,23:07,12/31/2023,Eksekutif,Argo Lawu,100,325,500000
CD01050140,GADOBANGKONG,GK,32,KAB. BANDUNG BARAT,JAWA BARAT,CD010501400466,22:30,4:58,12/23/2023,Ekonomi,Gajayana,200,326,100000
CD01050140,MASWATI,MSI,32,KAB. BANDUNG BARAT,JAWA BARAT,CD010501400507,14:04,17:35,12/11/2023,Ekonomi,New Argo Jati,200,327,100000
CD01050140,PADALARANG,PDL,32,KAB. BANDUNG BARAT,JAWA BARAT,CD010501409506,5:29,15:41,12/13/2023,Eksekutif,Jayakarta,100,328,500000
CD01050140,RENDEH,RH,32,KAB. BANDUNG BARAT,JAWA BARAT,CD010501403433,19:52,20:49,12/30/2023,Ekonomi,Muntilan,200,329,100000
CD01050140,SASAKSAAT,SKT,32,KAB. BANDUNG BARAT,JAWA BARAT,CD010501402223,7:34,12:19,1/2/2024,Bisnis,Argo Sindoro,150,330,200000
CD01050140,Andir,AND,32,KOTA BANDUNG,JAWA BARAT,CD010501407749,15:24,18:46,12/22/2023,Bisnis,Sembrani,150,339,200000
CD01050140,BANDUNG,BD,32,KOTA BANDUNG,JAWA BARAT,CD010501403847,21:42,2:57,12/13/2023,Ekonomi,Turangga,200,340,100000
CD01050140,CIKUDAPATEUH,CTH,32,KOTA BANDUNG,JAWA BARAT,CD010501406718,17:58,1:25,12/30/2023,Pariwisata,Argo Lawu,30,341,300000
CD01050140,CIMEKAR,CMK,32,KOTA BANDUNG,JAWA BARAT,CD010501403247,14:00,21:25,12/15/2023,Pariwisata,Gajayana,30,342,300000
CD01050140,CIMINDI,CMD,32,KOTA BANDUNG,JAWA BARAT,CD010501409693,15:30,2:40,12/24/2023,Pariwisata,Gajayana,30,343,300000
CD01050140,CIROYOM,CIR,32,KOTA BANDUNG,JAWA BARAT,CD010501407835,9:52,13:01,12/13/2023,Bisnis,Bima,150,344,200000
CD01050140,GEDEBAGE,GDB,32,KOTA BANDUNG,JAWA BARAT,CD010501409494,16:01,19:45,12/29/2023,Bisnis,Argo Mawar,150,345,200000
CD01050140,KIARA CONDONG,KAC,32,KOTA BANDUNG,JAWA BARAT,CD010501409245,10:20,16:59,12/17/2023,Premium,Sembrani,50,346,400000
CD01050140,CIMAHI,CMI,32,KOTA CIMAHI,JAWA BARAT,CD010501409657,22:52,6:17,12/31/2023,Bisnis,New Argo Jati,150,357,200000
CD01050140,Awipari,AW,32,KOTA TASIKMALAYA,JAWA BARAT,CD010501403984,0:25,6:29,12/31/2023,Bisnis,Bangunkarta,150,358,200000
CD01050140,Indihiang,IH,32,KOTA TASIKMALAYA,JAWA BARAT,CD010501400593,12:12,14:20,12/22/2023,Pariwisata,Argo Bromo Anggrek,30,359,300000
CD01050140,TASIKMALAYA,TSM,32,KOTA TASIKMALAYA,JAWA BARAT,CD010501405310,2:55,12:53,12/19/2023,Premium,Jayakarta,50,360,400000
CD01050140,BANJAR,BJR,32,KOTA BANJAR,JAWA BARAT,CD010501402755,10:45,10:44,1/2/2024,Eksekutif,Taksaka,100,362,500000
CD01050140,Karangpucung,KNP,32,KOTA BANJAR,JAWA BARAT,CD010501406500,5:46,15:13,1/3/2024,Ekonomi,Taksaka,200,363,100000
CD01050140,ARJAWINANGUN,AWN,32,KAB. CIREBON,JAWA BARAT,CD010501402590,17:21,19:24,12/16/2023,Premium,Argo Muria,50,274,400000
CD01050140,BABAKAN,BBK,32,KAB. CIREBON,JAWA BARAT,CD010501402636,7:22,15:00,12/18/2023,Premium,Argo Lawu,50,275,400000
CD01050140,CILEDUG,CLD,32,KAB. CIREBON,JAWA BARAT,CD010501408913,7:48,12:30,12/15/2023,Pariwisata,Argo Muria,30,276,300000
CD01050140,LOSARI,LOS,32,KAB. CIREBON,JAWA BARAT,CD010501401732,13:10,19:17,1/5/2024,Premium,Bangunkarta,50,277,400000
CD01050140,Bangoduwa,BDW,32,KAB. CIREBON,JAWA BARAT,CD010501401004,6:35,6:10,1/4/2024,Premium,Argo Mawar,50,278,400000
CD01050140,Cangkring,CNK,32,KAB. CIREBON,JAWA BARAT,CD010501408836,23:55,23:41,12/27/2023,Pariwisata,Argo Lawu,30,279,300000
CD01050140,Karang Suwung,KRW,32,KAB. CIREBON,JAWA BARAT,CD010501409326,5:07,11:15,12/17/2023,Pariwisata,Gajayana,30,281,300000
CD01050140,Luwung,LWG,32,KAB. CIREBON,JAWA BARAT,CD010501405107,5:11,11:58,1/1/2024,Bisnis,New Argo Jati,150,282,200000
CD01050140,Sindang Laut,SDU,32,KAB. CIREBON,JAWA BARAT,CD010501409614,8:37,12:21,12/25/2023,Premium,Gajayana,50,283,400000
CD01050140,Waruduwur,WDW,32,KAB. CIREBON,JAWA BARAT,CD010501408182,11:20,17:44,1/5/2024,Eksekutif,New Argo Jati,100,284,500000
CD01050140,Cilegeh,CLH,32,KAB. INDRAMAYU,JAWA BARAT,CD010501409553,19:01,6:25,12/18/2023,Ekonomi,Argo Bromo Anggrek,200,287,100000
CD01050140,Kadokangabus,KAB,32,KAB. INDRAMAYU,JAWA BARAT,CD010501407594,0:33,7:58,12/17/2023,Pariwisata,Turangga,30,288,300000
CD01050140,Kertasemaya,KTM,32,KAB. INDRAMAYU,JAWA BARAT,CD010501404363,5:20,11:09,12/11/2023,Pariwisata,Jayakarta,30,291,300000
CD01050140,Telagasari,TLS,32,KAB. INDRAMAYU,JAWA BARAT,CD010501404805,8:21,12:08,12/31/2023,Ekonomi,Bangunkarta,200,292,100000
CD01050140,HAURGEULIS,HGL,32,KAB. INDRAMAYU,JAWA BARAT,CD010501402982,8:21,16:09,12/19/2023,Pariwisata,Jayakarta,30,293,300000
CD01050140,JATIBARANG,JTB,32,KAB. INDRAMAYU,JAWA BARAT,CD010501401134,3:11,6:16,12/24/2023,Bisnis,Gajayana,150,294,200000
CD01050140,TERISI,TIS,32,KAB. INDRAMAYU,JAWA BARAT,CD010501402838,22:06,1:05,1/2/2024,Eksekutif,Argo Muria,100,295,500000
CD01050140,PAGADEN BARU,PGB,32,KAB. SUBANG,JAWA BARAT,CD010501404964,14:30,18:05,12/22/2023,Bisnis,Argo Sindoro,150,296,200000
CD01050140,Cikaum,CKM,32,KAB. SUBANG,JAWA BARAT,CD010501402547,1:25,4:31,12/14/2023,Eksekutif,Gajayana,100,297,500000
CD01050140,Cipunegara,CRA,32,KAB. SUBANG,JAWA BARAT,CD010501405437,5:23,10:08,12/26/2023,Bisnis,Argo Mawar,150,298,200000
CD01050140,Pabuaran,PAB,32,KAB. SUBANG,JAWA BARAT,CD010501400962,23:57,2:26,1/2/2024,Ekonomi,Argo Lawu,200,299,100000
CD01050140,Pasirbungur,PAS,32,KAB. SUBANG,JAWA BARAT,CD010501400382,23:57,5:16,12/11/2023,Bisnis,Argo Mawar,150,300,200000
CD01050140,Pringkasap,PRI,32,KAB. SUBANG,JAWA BARAT,CD010501402649,0:51,9:19,12/13/2023,Eksekutif,Argo Mawar,100,301,500000
CD01050140,Tanjungrasa,TJS,32,KAB. SUBANG,JAWA BARAT,CD010501402580,9:56,17:18,12/10/2023,Ekonomi,Gajayana,200,302,100000
CD01050140,CIREBON,CN,32,KOTA CIREBON,JAWA BARAT,CD010501402360,23:21,9:44,1/3/2024,Ekonomi,Argo Sindoro,200,348,100000
CD01050140,CIREBON PRUJAKAN,CNP,32,KOTA CIREBON,JAWA BARAT,CD010501402640,9:57,15:18,12/24/2023,Premium,Bima,50,349,400000
CD01050140,Larangan,LRA,33,KAB. BREBES,JAWA TENGAH,CD010501403436,0:50,10:44,12/18/2023,Ekonomi,Gajayana,200,513,100000
CD01050140,Songgom,SGG,33,KAB. BREBES,JAWA TENGAH,CD010501403845,20:04,23:03,12/16/2023,Bisnis,Gajayana,150,516,200000
CD01050140,BREBES,BB,33,KAB. BREBES,JAWA TENGAH,CD010501406965,10:40,15:35,12/11/2023,Bisnis,Jayakarta,150,517,200000
CD01050140,KETANGGUNGAN,KGG,33,KAB. BREBES,JAWA TENGAH,CD010501404007,8:14,13:34,12/10/2023,Premium,Taksaka,50,519,400000
CD01050140,TANJUNG,TGN,33,KAB. BREBES,JAWA TENGAH,CD010501401723,12:38,21:04,12/21/2023,Pariwisata,Gajayana,30,520,300000
CD01050140,TELAWA,TW,33,KAB. BOYOLALI,JAWA TENGAH,CD010501405966,6:12,12:10,12/30/2023,Pariwisata,Jayakarta,30,416,300000
CD01050140,Goprak,GPK,33,KAB. GROBOGAN,JAWA TENGAH,CD010501409481,7:18,7:21,1/4/2024,Bisnis,Argo Lawu,150,439,200000
CD01050140,Padas,PDS,33,KAB. GROBOGAN,JAWA TENGAH,CD010501409131,6:16,8:36,1/2/2024,Pariwisata,Sembrani,30,440,300000
CD01050140,Panunggalan,PNL,33,KAB. GROBOGAN,JAWA TENGAH,CD010501407778,19:13,23:28,12/31/2023,Eksekutif,Argo Lawu,100,441,500000
CD01050140,Sulur,SL,33,KAB. GROBOGAN,JAWA TENGAH,CD010501404260,21:35,3:13,12/23/2023,Bisnis,Turangga,150,444,200000
CD01050140,Tanggung,TGG,33,KAB. GROBOGAN,JAWA TENGAH,CD010501403093,21:14,2:59,12/20/2023,Pariwisata,Taksaka,30,445,300000
CD01050140,Tegowanu,TGW,33,KAB. GROBOGAN,JAWA TENGAH,CD010501402700,1:05,7:54,12/31/2023,Ekonomi,Argo Dwipangga,200,446,100000
CD01050140,GAMBRINGAN,GBN,33,KAB. GROBOGAN,JAWA TENGAH,CD010501402881,13:11,14:47,12/24/2023,Pariwisata,Gajayana,30,448,300000
CD01050140,GUBUG,GUB,33,KAB. GROBOGAN,JAWA TENGAH,CD010501405824,21:10,3:44,12/18/2023,Ekonomi,Turangga,200,449,100000
CD01050140,GUNDIH,GD,33,KAB. GROBOGAN,JAWA TENGAH,CD010501400032,14:29,16:01,12/17/2023,Ekonomi,Gajayana,200,450,100000
CD01050140,JAMBON,JBN,33,KAB. GROBOGAN,JAWA TENGAH,CD010501401803,14:25,14:01,12/13/2023,Ekonomi,Gajayana,200,451,100000
CD01050140,KARANGJATI,KGT,33,KAB. GROBOGAN,JAWA TENGAH,CD010501406698,20:31,6:26,12/13/2023,Ekonomi,Bangunkarta,200,452,100000
CD01050140,KARANGSONO,KSO,33,KAB. GROBOGAN,JAWA TENGAH,CD010501403489,1:52,5:46,12/20/2023,Ekonomi,Argo Lawu,200,453,100000
CD01050140,KEDUNG JATI,KEJ,33,KAB. GROBOGAN,JAWA TENGAH,CD010501403204,16:10,2:50,1/4/2024,Bisnis,Bima,150,454,200000
CD01050140,KRADENAN,KNN,33,KAB. GROBOGAN,JAWA TENGAH,CD010501408000,11:06,14:17,12/20/2023,Bisnis,Jayakarta,150,455,200000
CD01050140,NGROMBO,NBO,33,KAB. GROBOGAN,JAWA TENGAH,CD010501407322,17:15,4:51,12/30/2023,Eksekutif,Turangga,100,456,500000
CD01050140,SEDADI,SDI,33,KAB. GROBOGAN,JAWA TENGAH,CD010501409990,10:09,20:41,12/26/2023,Ekonomi,Argo Parahyangan,200,457,100000
CD01050140,Kapuan,KPA,33,KAB. BLORA,JAWA TENGAH,CD010501408723,19:59,0:44,12/29/2023,Ekonomi,Argo Bromo Anggrek,200,459,100000
CD01050140,CEPU,CU,33,KAB. BLORA,JAWA TENGAH,CD010501403271,19:31,5:47,12/23/2023,Bisnis,Argo Wilis,150,462,200000
CD01050140,DOPLANG,DPL,33,KAB. BLORA,JAWA TENGAH,CD010501406594,8:52,13:32,1/3/2024,Ekonomi,Argo Lawu,200,463,100000
CD01050140,RANDU BLATUNG,RBG,33,KAB. BLORA,JAWA TENGAH,CD010501407377,0:52,10:55,1/5/2024,Bisnis,Bima,150,464,200000
CD01050140,WADU,WDU,33,KAB. BLORA,JAWA TENGAH,CD010501406523,22:32,0:53,12/15/2023,Eksekutif,Bangunkarta,100,465,500000
CD01050140,BRUMBUNG,BBG,33,KAB. DEMAK,JAWA TENGAH,CD010501409744,6:40,9:17,12/30/2023,Ekonomi,Orchid Jaya,200,483,100000
CD01050140,AMBARAWA,ABR,33,KAB. SEMARANG,JAWA TENGAH,CD010501406558,5:20,5:03,12/15/2023,Pariwisata,Taksaka,30,484,300000
CD01050140,KALIWUNGU,KLN,33,KAB. KENDAL,JAWA TENGAH,CD010501403628,8:01,17:13,12/23/2023,Premium,Gajayana,50,491,400000
CD01050140,WELERI,WLR,33,KAB. KENDAL,JAWA TENGAH,CD010501402175,19:33,4:57,12/14/2023,Premium,Gajayana,50,492,400000
CD01050140,Kalibodri,KBD,33,KAB. KENDAL,JAWA TENGAH,CD010501404081,13:09,23:20,12/16/2023,Pariwisata,Argo Sindoro,30,494,300000
CD01050140,Kerengseng,KNS,33,KAB. BATANG,JAWA TENGAH,CD010501400348,6:26,7:30,1/3/2024,Eksekutif,Sembrani,100,496,500000
CD01050140,Kuripan,KRP,33,KAB. BATANG,JAWA TENGAH,CD010501405908,1:12,4:24,1/3/2024,Ekonomi,Orchid Jaya,200,497,100000
CD01050140,Plabuan,PLB,33,KAB. BATANG,JAWA TENGAH,CD010501408522,21:52,5:11,12/30/2023,Premium,Bangunkarta,50,498,400000
CD01050140,Ujungnegoro,UJN,33,KAB. BATANG,JAWA TENGAH,CD010501409759,16:38,2:24,12/13/2023,Eksekutif,Jayakarta,100,499,500000
CD01050140,BATANG,BTG,33,KAB. BATANG,JAWA TENGAH,CD010501405077,11:25,14:39,12/23/2023,Eksekutif,Argo Muria,100,500,500000
CD01050140,Sragi,SRI,33,KAB. PEKALONGAN,JAWA TENGAH,CD010501403258,21:12,2:58,12/21/2023,Ekonomi,Taksaka,200,501,100000
CD01050140,PEMALANG,PML,33,KAB. PEMALANG,JAWA TENGAH,CD010501404480,8:37,15:41,12/26/2023,Eksekutif,Argo Wilis,100,503,500000
CD01050140,Comal,CO,33,KAB. PEMALANG,JAWA TENGAH,CD010501402714,17:02,21:57,12/26/2023,Pariwisata,Turangga,30,504,300000
CD01050140,Petarukan,PTA,33,KAB. PEMALANG,JAWA TENGAH,CD010501405825,8:41,9:59,12/18/2023,Eksekutif,New Argo Jati,100,505,500000
CD01050140,Larangan (Tegal),LR,33,KAB. TEGAL,JAWA TENGAH,CD010501401783,22:18,2:32,12/18/2023,Pariwisata,Argo Mawar,30,508,300000
CD01050140,Suradadi,SD,33,KAB. TEGAL,JAWA TENGAH,CD010501407616,19:56,1:24,1/2/2024,Premium,Gajayana,50,509,400000
CD01050140,ALASTUA,ATA,33,KOTA SEMARANG,JAWA TENGAH,CD010501400974,2:57,10:22,12/24/2023,Eksekutif,Turangga,100,526,500000
CD01050140,SEMARANG PONCOL,SMC,33,KOTA SEMARANG,JAWA TENGAH,CD010501408219,8:22,18:51,12/30/2023,Bisnis,Muntilan,150,527,200000
CD01050140,SEMARANG TAWANG,SMT,33,KOTA SEMARANG,JAWA TENGAH,CD010501403656,8:48,16:20,12/23/2023,Ekonomi,Argo Bromo Anggrek,200,528,100000
CD01050140,Jerakah,JRK,33,KOTA SEMARANG,JAWA TENGAH,CD010501409191,13:12,13:58,12/19/2023,Bisnis,Argo Muria,150,530,200000
CD01050140,Mangkang,MKG,33,KOTA SEMARANG,JAWA TENGAH,CD010501400691,8:11,9:49,12/18/2023,Premium,Bangunkarta,50,533,400000
CD01050140,PEKALONGAN,PK,33,KOTA PEKALONGAN,JAWA TENGAH,CD010501405533,2:12,13:16,12/12/2023,Eksekutif,Argo Muria,100,534,500000
CD01050140,TEGAL,TG,33,KOTA TEGAL,JAWA TENGAH,CD010501400545,10:32,14:36,1/5/2024,Pariwisata,Argo Dwipangga,30,535,300000
CD01050140,Langen,LN,32,KOTA BANJAR,JAWA BARAT,CD010501402082,8:03,12:10,1/1/2024,Bisnis,Argo Bromo Anggrek,150,364,200000
CD01050140,Cipari,CPI,33,KAB. CILACAP,JAWA TENGAH,CD010501400313,20:29,6:48,1/2/2024,Eksekutif,Argo Sindoro,100,365,500000
CD01050140,Karang Kandri,KKD,33,KAB. CILACAP,JAWA TENGAH,CD010501408547,2:42,11:41,12/17/2023,Pariwisata,Argo Muria,30,366,300000
CD01050140,Kasugihan,KH,33,KAB. CILACAP,JAWA TENGAH,CD010501402943,1:41,4:13,12/16/2023,Ekonomi,Bima,200,367,100000
CD01050140,Kawunganten,KWG,33,KAB. CILACAP,JAWA TENGAH,CD010501403718,5:47,13:21,12/19/2023,Eksekutif,Orchid Jaya,100,368,500000
CD01050140,Lebeng,LBG,33,KAB. CILACAP,JAWA TENGAH,CD010501403000,22:29,8:05,12/17/2023,Bisnis,Turangga,150,369,200000
CD01050140,Meluwung,MLW,33,KAB. CILACAP,JAWA TENGAH,CD010501406623,18:09,1:52,1/5/2024,Pariwisata,Sembrani,30,370,300000
CD01050140,Randegan,RDN,33,KAB. CILACAP,JAWA TENGAH,CD010501400641,5:53,7:41,12/10/2023,Premium,Argo Bromo Anggrek,50,371,400000
CD01050140,Sikampuh,SKP,33,KAB. CILACAP,JAWA TENGAH,CD010501409605,1:27,6:33,12/13/2023,Ekonomi,Turangga,200,372,100000
CD01050140,CILACAP,CP,33,KAB. CILACAP,JAWA TENGAH,CD010501403482,2:46,3:59,12/16/2023,Ekonomi,Argo Parahyangan,200,373,100000
CD01050140,GANDRUNG MANGUN,GDM,33,KAB. CILACAP,JAWA TENGAH,CD010501404954,16:41,21:26,12/10/2023,Eksekutif,Argo Dwipangga,100,374,500000
CD01050140,GUMILIR,GM,33,KAB. CILACAP,JAWA TENGAH,CD010501403424,17:58,4:55,1/4/2024,Bisnis,Argo Wilis,150,375,200000
CD01050140,JERUKLEGI,JRL,33,KAB. CILACAP,JAWA TENGAH,CD010501403370,3:32,5:37,12/14/2023,Premium,Argo Bromo Anggrek,50,376,400000
CD01050140,KROYA,KYA,33,KAB. CILACAP,JAWA TENGAH,CD010501402421,0:08,5:43,12/29/2023,Eksekutif,Argo Mawar,100,377,500000
CD01050140,MAOS,MA,33,KAB. CILACAP,JAWA TENGAH,CD010501402224,15:59,23:48,12/29/2023,Premium,Orchid Jaya,50,378,400000
CD01050140,SIDAREJA,SDR,33,KAB. CILACAP,JAWA TENGAH,CD010501402777,19:01,4:45,12/22/2023,Bisnis,Argo Mawar,150,379,200000
CD01050140,Karang Gandul,KGD,33,KAB. BANYUMAS,JAWA TENGAH,CD010501404448,0:08,7:32,1/5/2024,Eksekutif,Sembrani,100,380,500000
CD01050140,Kebasen,KBS,33,KAB. BANYUMAS,JAWA TENGAH,CD010501407826,0:14,4:06,12/24/2023,Premium,Argo Sindoro,50,381,400000
CD01050140,Kemranjen,KJ,33,KAB. BANYUMAS,JAWA TENGAH,CD010501407265,5:21,12:31,12/13/2023,Pariwisata,Argo Sindoro,30,383,300000
CD01050140,Notog,NTG,33,KAB. BANYUMAS,JAWA TENGAH,CD010501407654,3:51,11:58,12/28/2023,Ekonomi,Argo Wilis,200,385,100000
CD01050140,Tambak,TBK,33,KAB. BANYUMAS,JAWA TENGAH,CD010501409948,17:55,17:31,12/25/2023,Bisnis,Gajayana,150,389,200000
CD01050140,PURWOKERTO,PWT,33,KAB. BANYUMAS,JAWA TENGAH,CD010501408922,3:14,9:04,12/29/2023,Ekonomi,Sembrani,200,390,100000
CD01050140,SUMPIUH,SPH,33,KAB. BANYUMAS,JAWA TENGAH,CD010501401142,18:28,18:59,12/19/2023,Ekonomi,Argo Dwipangga,200,391,100000
CD01050140,Karang Sari,KRR,33,KAB. BANYUMAS,JAWA TENGAH,CD010501404012,3:14,8:38,12/25/2023,Ekonomi,Bangunkarta,200,393,100000
CD01050140,GOMBONG,GB,33,KAB. KEBUMEN,JAWA TENGAH,CD010501408221,11:17,14:51,12/14/2023,Bisnis,Turangga,150,396,200000
CD01050140,KARANGANYAR,KA,33,KAB. KEBUMEN,JAWA TENGAH,CD010501406315,20:06,2:11,12/23/2023,Ekonomi,Orchid Jaya,200,397,100000
CD01050140,KEBUMEN,KM,33,KAB. KEBUMEN,JAWA TENGAH,CD010501403349,17:21,18:18,1/2/2024,Pariwisata,Sembrani,30,398,300000
CD01050140,KUTOWINANGUN,KWN,33,KAB. KEBUMEN,JAWA TENGAH,CD010501408582,3:11,12:30,12/21/2023,Eksekutif,Argo Parahyangan,100,399,500000
CD01050140,Ijo,IJ,33,KAB. KEBUMEN,JAWA TENGAH,CD010501407662,13:29,15:46,12/20/2023,Ekonomi,Orchid Jaya,200,400,100000
CD01050140,Sruweng,SRW,33,KAB. KEBUMEN,JAWA TENGAH,CD010501401619,12:34,12:51,12/26/2023,Bisnis,Argo Lawu,150,402,200000
CD01050140,Prembun,PRB,33,KAB. KEBUMEN,JAWA TENGAH,CD010501400416,8:18,11:55,12/10/2023,Pariwisata,Argo Sindoro,30,403,300000
CD01050140,WONOSARI,WNS,33,KAB. KEBUMEN,JAWA TENGAH,CD010501409645,20:28,6:42,12/25/2023,Eksekutif,Argo Muria,100,404,500000
CD01050140,Butuh,BTH,33,KAB. PURWOREJO,JAWA TENGAH,CD010501406104,9:05,10:02,12/20/2023,Ekonomi,Argo Wilis,200,405,100000
CD01050140,KUTOARJO,KTA,33,KAB. PURWOREJO,JAWA TENGAH,CD010501408470,22:16,2:43,12/15/2023,Bisnis,Gajayana,150,407,200000
CD01050140,PRUPUK,PPK,33,KAB. TEGAL,JAWA TENGAH,CD010501400761,20:42,2:35,12/17/2023,Pariwisata,Bangunkarta,30,506,300000
CD01050140,Kretek,KRT,33,KAB. BREBES,JAWA TENGAH,CD010501401027,20:09,6:39,12/14/2023,Pariwisata,Argo Wilis,30,512,300000
CD01050140,Linggapura,LG,33,KAB. BREBES,JAWA TENGAH,CD010501409510,7:51,18:29,12/27/2023,Eksekutif,Turangga,100,514,500000
CD01050140,Patuguran,PAT,33,KAB. BREBES,JAWA TENGAH,CD010501404765,19:01,5:11,12/15/2023,Pariwisata,Orchid Jaya,30,515,300000
CD01050140,BUMIAYU,BMA,33,KAB. BREBES,JAWA TENGAH,CD010501409026,3:59,13:57,12/24/2023,Premium,Argo Sindoro,50,518,400000
CD01050140,Kebon Romo,KRO,33,KAB. SRAGEN,JAWA TENGAH,CD010501409005,13:41,18:27,12/18/2023,Bisnis,Bima,150,382,200000
CD01050140,JENAR,JN,33,KAB. PURWOREJO,JAWA TENGAH,CD010501406039,21:38,23:34,12/27/2023,Bisnis,Sembrani,150,406,200000
CD01050140,WOJO,WJ,33,KAB. PURWOREJO,JAWA TENGAH,CD010501406758,1:17,9:19,12/24/2023,Ekonomi,Argo Wilis,200,408,100000
CD01050140,KLATEN,KT,33,KAB. KLATEN,JAWA TENGAH,CD010501403435,0:20,1:23,12/12/2023,Bisnis,Argo Muria,150,417,200000
CD01050140,Ceper,CE,33,KAB. KLATEN,JAWA TENGAH,CD010501408792,13:45,18:14,12/12/2023,Bisnis,Jayakarta,150,418,200000
CD01050140,Delanggu,DL,33,KAB. KLATEN,JAWA TENGAH,CD010501404099,14:29,23:53,1/4/2024,Ekonomi,Argo Mawar,200,419,100000
CD01050140,Srowot,SWT,33,KAB. KLATEN,JAWA TENGAH,CD010501408488,11:30,16:45,12/10/2023,Premium,Jayakarta,50,420,400000
CD01050140,BRAMBANAN,BBN,33,KAB. KLATEN,JAWA TENGAH,CD010501402235,23:05,3:35,12/13/2023,Eksekutif,Argo Lawu,100,421,500000
CD01050140,PASAR NGUTER,PNT,33,KAB. SUKOHARJO,JAWA TENGAH,CD010501407467,10:18,15:00,12/13/2023,Bisnis,Argo Bromo Anggrek,150,423,200000
CD01050140,SUKOHARJO,SKH,33,KAB. SUKOHARJO,JAWA TENGAH,CD010501400344,17:30,1:34,12/23/2023,Premium,Argo Muria,50,424,400000
CD01050140,Gawok,GW,33,KAB. SUKOHARJO,JAWA TENGAH,CD010501407889,18:08,21:35,12/16/2023,Bisnis,Argo Bromo Anggrek,150,425,200000
CD01050140,WONOGIRI,WNG,33,KAB. WONOGIRI,JAWA TENGAH,CD010501401154,4:56,12:10,12/30/2023,Premium,Turangga,50,428,400000
CD01050140,Kalioso,KO,33,KAB. KARANGANYAR,JAWA TENGAH,CD010501406114,19:45,23:25,12/26/2023,Eksekutif,Jayakarta,100,430,500000
CD01050140,Kemiri,KMR,33,KAB. KARANGANYAR,JAWA TENGAH,CD010501407039,14:50,0:52,12/23/2023,Premium,Argo Dwipangga,50,431,400000
CD01050140,Palur,PL,33,KAB. KARANGANYAR,JAWA TENGAH,CD010501407171,16:26,2:29,12/10/2023,Eksekutif,Argo Bromo Anggrek,100,432,500000
CD01050140,SALEM,SLM,33,KAB. SRAGEN,JAWA TENGAH,CD010501406165,23:14,0:19,1/4/2024,Eksekutif,Argo Dwipangga,100,433,500000
CD01050140,SRAGEN,SR,33,KAB. SRAGEN,JAWA TENGAH,CD010501407882,19:56,20:14,1/4/2024,Pariwisata,Argo Wilis,30,434,300000
CD01050140,Kedungbanteng,KDB,33,KAB. SRAGEN,JAWA TENGAH,CD010501401153,17:27,19:24,1/2/2024,Bisnis,Argo Lawu,150,435,200000
CD01050140,Masaran,MSR,33,KAB. SRAGEN,JAWA TENGAH,CD010501406917,6:17,14:24,12/16/2023,Bisnis,Argo Dwipangga,150,436,200000
CD01050140,Sumber Lawang,SUM,33,KAB. SRAGEN,JAWA TENGAH,CD010501406219,11:50,13:23,12/23/2023,Ekonomi,Argo Sindoro,200,437,100000
CD01050140,PURWOSARI,PWS,33,KOTA SURAKARTA,JAWA TENGAH,CD010501406066,6:27,15:47,12/16/2023,Pariwisata,Sembrani,30,523,300000
CD01050140,SOLO JEBRES,SK,33,KOTA SURAKARTA,JAWA TENGAH,CD010501406023,6:31,17:44,12/27/2023,Premium,Gajayana,50,524,400000
CD01050140,SOLO BALAPAN,SLO,33,KOTA SURAKARTA,JAWA TENGAH,CD010501409850,5:37,8:57,12/27/2023,Pariwisata,Turangga,30,525,300000
CD01050140,KEDUNDANG,KDG,34,KAB. KULON PROGO,DI YOGYAKARTA,CD010501407682,15:56,18:47,12/18/2023,Bisnis,Argo Mawar,150,536,200000
CD01050140,Sentolo,STL,34,KAB. KULON PROGO,DI YOGYAKARTA,CD010501400207,10:16,18:11,12/11/2023,Bisnis,Turangga,150,538,200000
CD01050140,WATES,WT,34,KAB. KULON PROGO,DI YOGYAKARTA,CD010501407709,14:23,17:29,1/5/2024,Premium,Argo Sindoro,50,540,400000
CD01050140,Rewulu,RWL,34,KAB. BANTUL,DI YOGYAKARTA,CD010501407307,9:09,16:35,12/20/2023,Eksekutif,Argo Mawar,100,543,500000
CD01050140,Patukan,PTN,34,KAB. SLEMAN,DI YOGYAKARTA,CD010501401739,17:05,23:38,12/24/2023,Ekonomi,Gajayana,200,546,100000
CD01050140,MAGUWO,MGW,34,KAB. SLEMAN,DI YOGYAKARTA,CD010501407175,6:30,16:48,12/21/2023,Premium,Sembrani,50,547,400000
CD01050140,LEMPUYANGAN,LPN,34,KOTA YOGYAKARTA,DI YOGYAKARTA,CD010501407762,19:59,20:46,12/21/2023,Bisnis,Turangga,150,548,200000
CD01050140,TUGU,YK,34,KOTA YOGYAKARTA,DI YOGYAKARTA,CD010501408660,1:02,2:51,1/5/2024,Pariwisata,Turangga,30,551,300000
CD01050140,NGUJANG,NJG,35,KAB. TULUNGAGUNG,JAWA TIMUR,CD010501406365,2:00,3:04,12/23/2023,Ekonomi,Turangga,200,558,100000
CD01050140,NGUNUT,NT,35,KAB. TULUNGAGUNG,JAWA TIMUR,CD010501402869,10:19,19:43,12/31/2023,Pariwisata,Taksaka,30,559,300000
CD01050140,REJO TANGAN,RJ,35,KAB. TULUNGAGUNG,JAWA TIMUR,CD010501405748,8:16,8:57,12/28/2023,Pariwisata,Argo Dwipangga,30,560,300000
CD01050140,SUMBER GEMPOL,SBL,35,KAB. TULUNGAGUNG,JAWA TIMUR,CD010501409906,16:51,16:17,12/16/2023,Bisnis,Turangga,150,561,200000
CD01050140,TULUNGAGUNG,TA,35,KAB. TULUNGAGUNG,JAWA TIMUR,CD010501407520,23:11,6:42,12/23/2023,Eksekutif,Argo Dwipangga,100,562,500000
CD01050140,CURAHMALANG,CRM,35,KAB. JOMBANG,JAWA TIMUR,CD010501407319,22:56,7:13,12/22/2023,Premium,Bangunkarta,50,658,400000
CD01050140,JOMBANG,JG,35,KAB. JOMBANG,JAWA TIMUR,CD010501408152,1:05,11:18,1/5/2024,Pariwisata,Argo Wilis,30,659,300000
CD01050140,PETERONGAN,PTR,35,KAB. JOMBANG,JAWA TIMUR,CD010501409122,13:38,14:26,12/14/2023,Pariwisata,Argo Dwipangga,30,660,300000
CD01050140,SEMBUNG,SMB,35,KAB. JOMBANG,JAWA TIMUR,CD010501405005,21:21,5:54,1/3/2024,Bisnis,Orchid Jaya,150,661,200000
CD01050140,SUMOBITO,SBO,35,KAB. JOMBANG,JAWA TIMUR,CD010501405348,22:00,9:39,12/19/2023,Ekonomi,Argo Parahyangan,200,662,100000
CD01050140,BARON,BRN,35,KAB. NGANJUK,JAWA TIMUR,CD010501400150,9:42,16:17,1/5/2024,Bisnis,Sembrani,150,668,200000
CD01050140,KERTOSONO,KTS,35,KAB. NGANJUK,JAWA TIMUR,CD010501407231,9:33,11:47,12/14/2023,Eksekutif,Argo Muria,100,669,500000
CD01050140,NGANJUK,NJ,35,KAB. NGANJUK,JAWA TIMUR,CD010501403514,8:32,14:00,12/20/2023,Eksekutif,Taksaka,100,670,500000
CD01050140,SUKOMORO,SKM,35,KAB. NGANJUK,JAWA TIMUR,CD010501407138,19:37,19:47,12/19/2023,Premium,New Argo Jati,50,671,400000
CD01050140,WILANGAN,WLG,35,KAB. NGANJUK,JAWA TIMUR,CD010501403405,12:37,21:03,12/29/2023,Premium,Turangga,50,672,400000
CD01050140,BARAT,BAT,35,KAB. MAGETAN,JAWA TIMUR,CD010501402135,16:40,2:32,12/29/2023,Eksekutif,Gajayana,100,673,500000
CD01050140,GENENG,GG,35,KAB. NGAWI,JAWA TIMUR,CD010501408336,12:26,15:46,12/31/2023,Bisnis,Argo Wilis,150,675,200000
CD01050140,KEDUNG GALAR,KG,35,KAB. NGAWI,JAWA TIMUR,CD010501408971,1:17,8:49,12/24/2023,Ekonomi,Argo Parahyangan,200,676,100000
CD01050140,PARON,PA,35,KAB. NGAWI,JAWA TIMUR,CD010501402921,13:23,20:28,12/12/2023,Bisnis,Muntilan,150,678,200000
CD01050140,WALIKUKUN,WK,35,KAB. NGAWI,JAWA TIMUR,CD010501402058,15:19,18:14,12/11/2023,Ekonomi,Sembrani,200,679,100000
CD01050140,KEDIRI,KD,35,KOTA KEDIRI,JAWA TIMUR,CD010501400653,16:08,2:00,12/13/2023,Eksekutif,Argo Bromo Anggrek,100,714,500000
CD01050140,KRASS,KRS,35,KOTA KEDIRI,JAWA TIMUR,CD010501405090,15:12,17:24,12/21/2023,Bisnis,Turangga,150,715,200000
CD01050140,MINGGIRAN,MGN,35,KOTA KEDIRI,JAWA TIMUR,CD010501404016,4:12,15:38,12/23/2023,Ekonomi,Argo Sindoro,200,716,100000
CD01050140,NGADILUWIH,NDL,35,KOTA KEDIRI,JAWA TIMUR,CD010501409901,18:41,22:29,12/29/2023,Pariwisata,Orchid Jaya,30,717,300000
CD01050140,PAPAR,PPR,35,KOTA KEDIRI,JAWA TIMUR,CD010501408160,22:10,2:50,12/18/2023,Eksekutif,Sembrani,100,718,500000
CD01050140,PURWOASRI,PWA,35,KOTA KEDIRI,JAWA TIMUR,CD010501408064,18:16,3:19,12/17/2023,Pariwisata,Sembrani,30,719,300000
CD01050140,SUSUHAN,SS,35,KOTA KEDIRI,JAWA TIMUR,CD010501406940,11:14,22:26,12/24/2023,Pariwisata,Argo Muria,30,720,300000
CD01050140,BLITAR,BL,35,KOTA BLITAR,JAWA TIMUR,CD010501406610,6:36,16:55,12/13/2023,Ekonomi,Argo Sindoro,200,722,100000
CD01050140,GARUM,GRM,35,KOTA BLITAR,JAWA TIMUR,CD010501408216,0:03,3:44,12/22/2023,Eksekutif,Argo Lawu,100,723,500000
CD01050140,TALUN,TAL,35,KOTA BLITAR,JAWA TIMUR,CD010501406734,2:34,3:18,12/29/2023,Premium,Jayakarta,50,726,400000
CD01050140,BABADAN,BBD,35,KOTA MADIUN,JAWA TIMUR,CD010501403217,3:22,4:46,12/20/2023,Ekonomi,Bangunkarta,200,745,100000
CD01050140,BAGOR,BGR,35,KOTA MADIUN,JAWA TIMUR,CD010501402025,19:09,4:27,12/14/2023,Premium,Argo Sindoro,50,746,400000
CD01050140,CARUBAN,CRB,35,KOTA MADIUN,JAWA TIMUR,CD010501404357,7:39,12:15,12/15/2023,Premium,Argo Dwipangga,50,747,400000
CD01050140,MADIUN,MN,35,KOTA MADIUN,JAWA TIMUR,CD010501401335,0:55,6:57,1/5/2024,Premium,Bima,50,748,400000
CD01050140,SARADAN,SRD,35,KOTA MADIUN,JAWA TIMUR,CD010501400230,15:22,20:33,12/21/2023,Pariwisata,Argo Muria,30,749,300000
CD01050140,BOHARAN,BH,35,KAB. SIDOARJO,JAWA TIMUR,CD010501403688,17:45,3:52,12/27/2023,Bisnis,Argo Muria,150,636,200000
CD01050140,GEDANGAN,GDG,35,KAB. SIDOARJO,JAWA TIMUR,CD010501408200,14:19,17:12,12/19/2023,Premium,Jayakarta,50,638,400000
CD01050140,KEDINDING,KDN,35,KAB. SIDOARJO,JAWA TIMUR,CD010501404963,6:32,10:17,12/20/2023,Premium,Argo Dwipangga,50,639,400000
CD01050140,KRIAN,KRN,35,KAB. SIDOARJO,JAWA TIMUR,CD010501404284,4:27,12:32,12/21/2023,Premium,Argo Lawu,50,640,400000
CD01050140,PORONG,PR,35,KAB. SIDOARJO,JAWA TIMUR,CD010501402044,8:34,11:54,1/1/2024,Bisnis,Argo Dwipangga,150,642,200000
CD01050140,SEPANJANG,SPJ,35,KAB. SIDOARJO,JAWA TIMUR,CD010501405323,10:26,15:59,12/21/2023,Bisnis,Argo Parahyangan,150,644,200000
CD01050140,SIDOARJO,SDA,35,KAB. SIDOARJO,JAWA TIMUR,CD010501406777,16:01,16:52,12/16/2023,Pariwisata,Turangga,30,645,300000
CD01050140,TANGGULANGIN,TGA,35,KAB. SIDOARJO,JAWA TIMUR,CD010501407853,16:38,0:17,12/10/2023,Pariwisata,Muntilan,30,646,300000
CD01050140,TARIK,TRK,35,KAB. SIDOARJO,JAWA TIMUR,CD010501400581,4:58,8:20,12/14/2023,Premium,Argo Muria,50,647,400000
CD01050140,TULANGAN,TLN,35,KAB. SIDOARJO,JAWA TIMUR,CD010501406185,21:18,3:34,1/2/2024,Pariwisata,Argo Sindoro,30,648,300000
CD01050140,WARU,WR,35,KAB. SIDOARJO,JAWA TIMUR,CD010501401733,2:36,10:40,12/16/2023,Premium,Sembrani,50,649,400000
CD01050140,BOJONEGORO,BJ,35,KAB. BOJONEGORO,JAWA TIMUR,CD010501400261,15:43,20:29,12/21/2023,Premium,Argo Parahyangan,50,680,400000
CD01050140,BOWERNO,BWO,35,KAB. BOJONEGORO,JAWA TIMUR,CD010501404626,22:59,9:04,12/18/2023,Premium,Argo Sindoro,50,681,400000
CD01050140,KALITIDU,KIT,35,KAB. BOJONEGORO,JAWA TIMUR,CD010501405989,7:18,13:22,12/22/2023,Pariwisata,Argo Sindoro,30,682,300000
CD01050140,KAPAS,KPS,35,KAB. BOJONEGORO,JAWA TIMUR,CD010501406149,21:53,0:55,12/28/2023,Eksekutif,Taksaka,100,683,500000
CD01050140,SUMBEREJO,SRJ,35,KAB. BOJONEGORO,JAWA TIMUR,CD010501408349,22:33,6:22,12/22/2023,Bisnis,Argo Dwipangga,150,684,200000
CD01050140,TOBO,TBO,35,KAB. BOJONEGORO,JAWA TIMUR,CD010501407209,22:12,8:51,12/18/2023,Premium,Muntilan,50,685,400000
CD01050140,Sroyo,SYO,35,KAB. BOJONEGORO,JAWA TIMUR,CD010501403209,2:53,10:29,12/12/2023,Premium,Gajayana,50,686,400000
CD01050140,Tuban,TBN,35,KAB. TUBAN,JAWA TIMUR,CD010501402085,3:52,12:59,1/1/2024,Eksekutif,Argo Wilis,100,690,500000
CD01050140,BABAT,BBT,35,KAB. LAMONGAN,JAWA TIMUR,CD010501404094,19:19,5:00,12/14/2023,Premium,Argo Bromo Anggrek,50,691,400000
CD01050140,GEMBONG,GEB,35,KAB. LAMONGAN,JAWA TIMUR,CD010501402469,5:48,12:20,12/25/2023,Bisnis,Gajayana,150,692,200000
CD01050140,LAMONGAN,LMG,35,KAB. LAMONGAN,JAWA TIMUR,CD010501400369,23:28,8:46,12/20/2023,Ekonomi,Gajayana,200,693,100000
CD01050140,PUCUK,PC,35,KAB. LAMONGAN,JAWA TIMUR,CD010501402453,16:57,18:47,12/28/2023,Eksekutif,Gajayana,100,694,500000
CD01050140,SUMLARAN,SLR,35,KAB. LAMONGAN,JAWA TIMUR,CD010501405825,22:30,7:45,1/5/2024,Bisnis,Gajayana,150,695,200000
CD01050140,Kruwul,KWL,35,KAB. LAMONGAN,JAWA TIMUR,CD010501402972,23:10,1:17,12/20/2023,Ekonomi,Argo Mawar,200,698,100000
CD01050140,CERME,CME,35,KAB. GRESIK,JAWA TIMUR,CD010501408251,9:18,11:10,1/2/2024,Premium,Bangunkarta,50,700,400000
CD01050140,DUDUK,DD,35,KAB. GRESIK,JAWA TIMUR,CD010501405297,2:31,5:16,1/2/2024,Premium,Bangunkarta,50,701,400000
CD01050140,Pandanan,PDN,35,KAB. GRESIK,JAWA TIMUR,CD010501405361,14:56,23:03,12/31/2023,Bisnis,Argo Sindoro,150,704,200000
CD01050140,KESAMBEN,KSB,35,KOTA BLITAR,JAWA TIMUR,CD010501403682,0:27,2:47,1/5/2024,Eksekutif,Gajayana,100,724,500000
CD01050140,POHGAJIH,PGJ,35,KOTA BLITAR,JAWA TIMUR,CD010501400487,19:35,4:33,12/26/2023,Bisnis,Bima,150,725,200000
CD01050140,WLINGI,WG,35,KOTA BLITAR,JAWA TIMUR,CD010501402842,6:20,16:29,1/4/2024,Bisnis,New Argo Jati,150,727,200000
CD01050140,BLIMBING,BMG,35,KOTA MALANG,JAWA TIMUR,CD010501400930,5:39,15:54,12/24/2023,Bisnis,Orchid Jaya,150,728,200000
CD01050140,KEPANJEN,KPN,35,KOTA MALANG,JAWA TIMUR,CD010501404384,18:31,23:18,1/3/2024,Premium,Argo Muria,50,729,400000
CD01050140,LAWANG,LW,35,KOTA MALANG,JAWA TIMUR,CD010501409728,11:18,19:30,12/30/2023,Ekonomi,Argo Dwipangga,200,730,100000
CD01050140,MALANG,ML,35,KOTA MALANG,JAWA TIMUR,CD010501407650,7:14,12:53,12/19/2023,Premium,Gajayana,50,731,400000
CD01050140,MALANG KOTA LAMA,MLK,35,KOTA MALANG,JAWA TIMUR,CD010501401302,3:22,4:32,12/12/2023,Ekonomi,Argo Wilis,200,732,100000
CD01050140,NGEBRUK,NB,35,KOTA MALANG,JAWA TIMUR,CD010501407391,22:35,7:59,12/23/2023,Ekonomi,Sembrani,200,733,100000
CD01050140,PAKISAJI,PSI,35,KOTA MALANG,JAWA TIMUR,CD010501403272,14:51,0:16,12/29/2023,Premium,Argo Dwipangga,50,734,400000
CD01050140,SINGOSARI,SGS,35,KOTA MALANG,JAWA TIMUR,CD010501408882,9:21,13:16,12/15/2023,Ekonomi,Sembrani,200,735,100000
CD01050140,SUMBER PUCUNG,SBP,35,KOTA MALANG,JAWA TIMUR,CD010501408681,19:41,5:37,12/31/2023,Bisnis,Argo Sindoro,150,736,200000
CD01050140,BANGIL,BG,35,KOTA PASURUAN,JAWA TIMUR,CD010501408088,22:45,7:09,12/20/2023,Bisnis,Sembrani,150,737,200000
CD01050140,SENGON,SN,35,KOTA PASURUAN,JAWA TIMUR,CD010501408769,11:48,21:07,12/31/2023,Bisnis,Taksaka,150,741,200000
CD01050140,SUKOREJO,SKJ,35,KOTA PASURUAN,JAWA TIMUR,CD010501400781,0:27,6:00,12/19/2023,Premium,Argo Parahyangan,50,742,400000
CD01050140,WONOKERTO,WN,35,KOTA PASURUAN,JAWA TIMUR,CD010501409971,9:19,11:51,12/29/2023,Pariwisata,Muntilan,30,743,300000
CD01050140,MOJOKERTO,MR,35,KOTA MOJOKERTO,JAWA TIMUR,CD010501409241,8:24,15:12,12/18/2023,Pariwisata,Sembrani,30,744,300000
CD01050140,BENOWO,BNW,35,KOTA SURABAYA,JAWA TIMUR,CD010501400735,9:17,15:49,12/14/2023,Pariwisata,Bangunkarta,30,750,300000
CD01050140,BENTENG,BET,35,KOTA SURABAYA,JAWA TIMUR,CD010501406805,22:11,0:02,1/3/2024,Ekonomi,Muntilan,200,751,100000
CD01050140,JEMURSARI,JMS,35,KOTA SURABAYA,JAWA TIMUR,CD010501402479,9:23,18:21,12/29/2023,Ekonomi,Muntilan,200,752,100000
CD01050140,KALIMAS,KLM,35,KOTA SURABAYA,JAWA TIMUR,CD010501409512,13:06,21:16,12/16/2023,Ekonomi,Argo Mawar,200,753,100000
CD01050140,KANDANGAN,KDA,35,KOTA SURABAYA,JAWA TIMUR,CD010501409471,10:56,11:17,12/12/2023,Premium,Argo Dwipangga,50,754,400000
CD01050140,KERTOMENANGGAL,KTL,35,KOTA SURABAYA,JAWA TIMUR,CD010501405459,6:38,11:11,12/10/2023,Ekonomi,Argo Parahyangan,200,755,100000
CD01050140,MARGOREJO,MGR,35,KOTA SURABAYA,JAWA TIMUR,CD010501402480,13:32,14:50,12/29/2023,Ekonomi,Turangga,200,756,100000
CD01050140,NGAGEL,NGA,35,KOTA SURABAYA,JAWA TIMUR,CD010501407045,7:03,14:51,12/13/2023,Pariwisata,Bangunkarta,30,757,300000
CD01050140,SURABAYA GUBENG,SGU,35,KOTA SURABAYA,JAWA TIMUR,CD010501401856,11:01,19:45,12/16/2023,Pariwisata,Argo Wilis,30,758,300000
CD01050140,SURABAYA GUBENGX,SGUX,35,KOTA SURABAYA,JAWA TIMUR,CD010501404221,22:39,2:59,12/31/2023,Premium,Argo Bromo Anggrek,50,759,400000
CD01050140,SURABAYA KOTA,SB,35,KOTA SURABAYA,JAWA TIMUR,CD010501409049,3:26,5:38,12/26/2023,Eksekutif,Argo Dwipangga,100,760,500000
CD01050140,SURABAYA PASAR TURI,SBI,35,KOTA SURABAYA,JAWA TIMUR,CD010501400699,5:34,12:26,12/24/2023,Eksekutif,Argo Muria,100,761,500000
CD01050140,TANDES,TES,35,KOTA SURABAYA,JAWA TIMUR,CD010501403245,10:06,19:53,1/5/2024,Pariwisata,Sembrani,30,762,300000
CD01050140,WONOKROMO,WO,35,KOTA SURABAYA,JAWA TIMUR,CD010501401348,7:31,13:24,12/15/2023,Ekonomi,Argo Bromo Anggrek,200,763,100000
CD01050140,Sidotopo,SDT,35,KOTA SURABAYA,JAWA TIMUR,CD010501402710,4:06,6:50,12/15/2023,Premium,Argo Lawu,50,764,400000
CD01050140,CIKINI,CKI,31,KOTA ADM. JAKARTA PUSAT,DKI JAKARTA,CD010501405366,4:57,14:06,12/23/2023,Eksekutif,Argo Bromo Anggrek,100,170,500000
CD01050140,GAMBIR,GMR,31,KOTA ADM. JAKARTA PUSAT,DKI JAKARTA,CD010501408787,12:43,19:32,1/1/2024,Ekonomi,New Argo Jati,200,171,100000
CD01050140,KEMAYORAN,KMO,31,KOTA ADM. JAKARTA PUSAT,DKI JAKARTA,CD010501403585,18:11,19:25,12/31/2023,Premium,Bangunkarta,50,172,400000
CD01050140,KRAMAT,KMT,31,KOTA ADM. JAKARTA PUSAT,DKI JAKARTA,CD010501407269,13:06,20:19,12/30/2023,Ekonomi,Argo Lawu,200,173,100000
CD01050140,PALMERAH,PLM,31,KOTA ADM. JAKARTA PUSAT,DKI JAKARTA,CD010501400504,10:01,14:27,12/30/2023,Premium,Gajayana,50,174,400000
CD01050140,JATIROTO,JTR,35,KAB. LUMAJANG,JAWA TIMUR,CD010501409072,2:54,7:36,12/26/2023,Pariwisata,Taksaka,30,575,300000
CD01050140,KLAKAH,KK,35,KAB. LUMAJANG,JAWA TIMUR,CD010501402684,19:33,21:54,12/30/2023,Eksekutif,Bangunkarta,100,576,500000
CD01050140,RANUYOSO,RN,35,KAB. LUMAJANG,JAWA TIMUR,CD010501402668,15:19,18:47,12/17/2023,Premium,Argo Sindoro,50,577,400000
CD01050140,Randuangung,RDA,35,KAB. LUMAJANG,JAWA TIMUR,CD010501409834,20:30,21:56,12/29/2023,Bisnis,Orchid Jaya,150,580,200000
CD01050140,ARJASA,AJ,35,KAB. JEMBER,JAWA TIMUR,CD010501409573,19:34,4:51,12/14/2023,Ekonomi,Turangga,200,581,100000
CD01050140,BANGSALSARI,BSS,35,KAB. JEMBER,JAWA TIMUR,CD010501401039,5:11,5:55,12/10/2023,Ekonomi,Gajayana,200,582,100000
CD01050140,GARAHAN,GRN,35,KAB. JEMBER,JAWA TIMUR,CD010501401780,18:06,2:05,12/30/2023,Bisnis,Argo Parahyangan,150,583,200000
CD01050140,JEMBER,JR,35,KAB. JEMBER,JAWA TIMUR,CD010501407687,20:45,0:30,1/4/2024,Bisnis,Turangga,150,584,200000
CD01050140,KALISAT,KLT,35,KAB. JEMBER,JAWA TIMUR,CD010501401711,10:14,13:11,12/29/2023,Ekonomi,Argo Dwipangga,200,585,100000
CD01050140,LEDOKOMBO,LDO,35,KAB. JEMBER,JAWA TIMUR,CD010501402556,7:03,13:45,12/30/2023,Bisnis,Argo Lawu,150,586,200000
CD01050140,RAMBIPUJI,RBP,35,KAB. JEMBER,JAWA TIMUR,CD010501406040,8:31,12:46,12/12/2023,Pariwisata,Argo Bromo Anggrek,30,587,300000
CD01050140,TANGGUL,TGL,35,KAB. JEMBER,JAWA TIMUR,CD010501401903,20:05,7:35,12/25/2023,Pariwisata,Turangga,30,588,300000
CD01050140,Kotok,KTK,35,KAB. JEMBER,JAWA TIMUR,CD010501402614,15:53,17:39,12/16/2023,Premium,Argo Wilis,50,593,400000
CD01050140,Mangli,MI,35,KAB. JEMBER,JAWA TIMUR,CD010501408241,5:48,15:22,12/13/2023,Eksekutif,Bangunkarta,100,594,500000
CD01050140,Mrawan,MRW,35,KAB. JEMBER,JAWA TIMUR,CD010501403017,21:35,8:10,12/25/2023,Bisnis,Turangga,150,595,200000
CD01050140,Sempolan,SPL,35,KAB. JEMBER,JAWA TIMUR,CD010501406088,3:01,12:54,12/30/2023,Bisnis,New Argo Jati,150,597,200000
CD01050140,CIKARANG,CKR,32,KAB. BEKASI,JAWA BARAT,CD010501404409,18:48,0:24,12/11/2023,Ekonomi,New Argo Jati,200,315,100000
CD01050140,Lumujang,LM,35,KAB. LUMAJANG,JAWA TIMUR,CD010501409803,15:28,18:31,12/18/2023,Pariwisata,Gajayana,30,578,300000
CD01050140,ARGOPURO,AGO,35,KAB. BANYUWANGI,JAWA TIMUR,CD010501402822,22:32,1:55,12/26/2023,Eksekutif,Argo Parahyangan,100,600,500000
CD01050140,BANYUWANGI KOTA,BWI,35,KAB. BANYUWANGI,JAWA TIMUR,CD010501404678,1:44,2:06,1/4/2024,Eksekutif,Taksaka,100,601,500000
CD01050140,BANYUWANGI BARU (KETAPANG),BW (KTG),35,KAB. BANYUWANGI,JAWA TIMUR,CD010501403424,0:09,7:04,12/22/2023,Eksekutif,Jayakarta,100,602,500000
CD01050140,GLENMORE,GLM,35,KAB. BANYUWANGI,JAWA TIMUR,CD010501401458,9:16,9:22,12/26/2023,Eksekutif,Orchid Jaya,100,603,500000
CD01050140,KALIBARU,KBR,35,KAB. BANYUWANGI,JAWA TIMUR,CD010501409300,12:44,14:50,12/28/2023,Pariwisata,New Argo Jati,30,604,300000
CD01050140,KALISETAIL,KSL,35,KAB. BANYUWANGI,JAWA TIMUR,CD010501401772,5:58,14:27,12/28/2023,Pariwisata,Bima,30,605,300000
CD01050140,KARANG ASEM (BANYUWANGI KOTA),KNE (BWI),35,KAB. BANYUWANGI,JAWA TIMUR,CD010501401789,17:20,21:17,12/22/2023,Ekonomi,Argo Wilis,200,606,100000
CD01050140,ROGOJAMPI,RGP,35,KAB. BANYUWANGI,JAWA TIMUR,CD010501404783,9:49,17:02,12/28/2023,Pariwisata,Muntilan,30,608,300000
CD01050140,SINGOJURUH,SGJ,35,KAB. BANYUWANGI,JAWA TIMUR,CD010501406635,18:09,2:19,1/1/2024,Eksekutif,Gajayana,100,609,500000
CD01050140,SUMBER WADUNG,SWD,35,KAB. BANYUWANGI,JAWA TIMUR,CD010501402328,17:09,2:58,12/12/2023,Pariwisata,Turangga,30,610,300000
CD01050140,TEMUGURUH,TGR,35,KAB. BANYUWANGI,JAWA TIMUR,CD010501400475,17:29,17:33,12/13/2023,Ekonomi,Argo Muria,200,611,100000
CD01050140,BAYEMAN,BYM,35,KAB. PROBOLINGGO,JAWA TIMUR,CD010501406767,16:00,17:02,12/14/2023,Ekonomi,Taksaka,200,622,100000
CD01050140,PAMINGKE,PME,12,KAB. LABUHANBATU UTARA,SUMATERA UTARA,CD010501402075,7:43,13:36,1/5/2024,Bisnis,Argo Lawu,150,42,200000
CD01050140,SITUNGIR,SIU,12,KAB. LABUHANBATU UTARA,SUMATERA UTARA,CD010501406838,0:29,10:23,12/17/2023,Ekonomi,Argo Sindoro,200,43,100000
CD01050140,MEDAN,MDN,12,KOTA MEDAN,SUMATERA UTARA,CD010501402650,14:26,0:32,1/3/2024,Ekonomi,Argo Sindoro,200,44,100000
CD01050140,PULO BRAYAN,PUB,12,KOTA MEDAN,SUMATERA UTARA,CD010501408312,12:59,20:53,1/1/2024,Premium,Bangunkarta,50,45,400000
CD01050140,Belawan,BLW,12,KOTA MEDAN,SUMATERA UTARA,CD010501407804,23:52,8:02,12/31/2023,Ekonomi,Argo Lawu,200,46,100000
CD01050140,Labuan,LBU,12,KOTA MEDAN,SUMATERA UTARA,CD010501403305,1:04,9:12,12/16/2023,Bisnis,Sembrani,150,47,200000
CD01050140,Tanjung Selamat,TAS,12,KAB. LANGKAT,SUMATERA UTARA,CD010501405217,7:38,13:47,1/5/2024,Pariwisata,Argo Parahyangan,30,48,300000
CD01050140,SIANTAR,SIR,12,KOTA PEMATANGSIANTAR,SUMATERA UTARA,CD010501408043,16:18,17:51,12/15/2023,Bisnis,Argo Lawu,150,49,200000
CD01050140,TANJUNG BALAI,TNB,12,KOTA TANJUNG BALAI,SUMATERA UTARA,CD010501405406,5:18,14:40,1/3/2024,Bisnis,New Argo Jati,150,50,200000
CD01050140,BINJAI,BIJ,12,KOTA BINJAI,SUMATERA UTARA,CD010501407590,20:23,2:07,12/21/2023,Ekonomi,Argo Lawu,200,51,100000
CD01050140,TEBING TINGGI,TBI,12,KOTA TEBING TINGGI,SUMATERA UTARA,CD010501400608,16:36,18:52,1/2/2024,Bisnis,Argo Lawu,150,53,200000
CD01050140,Kota Baru,KBU,13,KAB. TANAH DATAR,SUMATERA BARAT,CD010501406801,16:00,20:51,12/27/2023,Bisnis,Sembrani,150,58,200000
CD01050140,DUKU,DUK,13,KAB. PADANG PARIAMAN,SUMATERA BARAT,CD010501401634,0:08,0:36,12/12/2023,Premium,Argo Muria,50,61,400000
CD01050140,LUBUK ALUNG,LA,13,KAB. PADANG PARIAMAN,SUMATERA BARAT,CD010501402294,4:55,13:40,12/27/2023,Pariwisata,Argo Wilis,30,62,300000
CD01050140,KAYU TANAM,KTN,13,KAB. PADANG PARIAMAN,SUMATERA BARAT,CD010501401169,8:35,12:47,12/16/2023,Premium,Taksaka,50,63,400000
CD01050140,PASAR USANG,PRU,13,KAB. PADANG PARIAMAN,SUMATERA BARAT,CD010501402624,7:39,9:26,12/17/2023,Pariwisata,Argo Dwipangga,30,64,300000
CD01050140,PAUH KAMBAR,PAK,13,KAB. PADANG PARIAMAN,SUMATERA BARAT,CD010501408135,5:59,5:42,12/19/2023,Premium,Bima,50,65,400000
CD01050140,SICINCIN,SCN,13,KAB. PADANG PARIAMAN,SUMATERA BARAT,CD010501403794,6:58,15:41,12/14/2023,Ekonomi,Argo Bromo Anggrek,200,66,100000
CD01050140,BUKITPUTUS,BKP,13,KOTA PADANG,SUMATERA BARAT,CD010501402757,16:38,3:24,12/10/2023,Premium,Sembrani,50,77,400000
CD01050140,INDARUNG,IDA,13,KOTA PADANG,SUMATERA BARAT,CD010501409783,18:20,3:43,12/25/2023,Premium,Argo Sindoro,50,78,400000
CD01050140,PADANG,PD,13,KOTA PADANG,SUMATERA BARAT,CD010501405856,18:19,22:14,12/10/2023,Pariwisata,Gajayana,30,80,300000
CD01050140,PAUHLIMA,IMA,13,KOTA PADANG,SUMATERA BARAT,CD010501403697,8:37,10:00,12/17/2023,Ekonomi,Gajayana,200,81,100000
CD01050140,TABING,TAB,13,KOTA PADANG,SUMATERA BARAT,CD010501401912,15:26,17:28,12/31/2023,Pariwisata,Argo Bromo Anggrek,30,83,300000
CD01050140,MUARA KALABAN,MKL/MKB,13,KOTA SAWAHLUNTO,SUMATERA BARAT,CD010501401709,21:29,8:54,12/21/2023,Premium,Argo Sindoro,50,89,400000
CD01050140,SAWAH LUNTO,SWL,13,KOTA SAWAHLUNTO,SUMATERA BARAT,CD010501404475,23:21,8:20,12/19/2023,Premium,Orchid Jaya,50,90,400000
CD01050140,NARAS,NRS,13,KOTA PARIAMAN,SUMATERA BARAT,CD010501408100,1:51,8:53,12/14/2023,Ekonomi,Argo Wilis,200,96,100000
CD01050140,PARIAMAN,PMN,13,KOTA PARIAMAN,SUMATERA BARAT,CD010501405572,2:10,12:02,12/30/2023,Ekonomi,Bima,200,97,100000
CD01050140,GLUMBANG,GLB,16,KAB. MUARA ENIM,SUMATERA SELATAN,CD010501405502,4:52,15:07,12/29/2023,Pariwisata,Muntilan,30,108,300000
CD01050140,KARANG ENDAH,KED,16,KAB. MUARA ENIM,SUMATERA SELATAN,CD010501409427,9:18,12:57,12/26/2023,Eksekutif,Argo Lawu,100,109,500000
CD01050140,LEMBAK,LEB,16,KAB. MUARA ENIM,SUMATERA SELATAN,CD010501406362,23:56,7:59,12/24/2023,Premium,Bima,50,110,400000
CD01050140,MUARAENIM,ME,16,KAB. MUARA ENIM,SUMATERA SELATAN,CD010501408716,10:18,18:31,12/29/2023,Eksekutif,Turangga,100,111,500000
CD01050140,MUARAGULA,MRL,16,KAB. MUARA ENIM,SUMATERA SELATAN,CD010501405664,10:43,19:24,12/23/2023,Ekonomi,Argo Parahyangan,200,112,100000
CD01050140,SERDANG,SDN,16,KAB. MUARA ENIM,SUMATERA SELATAN,CD010501400474,1:22,5:56,12/17/2023,Eksekutif,Argo Sindoro,100,113,500000
CD01050140,UJANMAS,UJM,16,KAB. MUARA ENIM,SUMATERA SELATAN,CD010501401390,5:50,8:15,12/19/2023,Ekonomi,Gajayana,200,114,100000
CD01050140,TANJUNG ENIM BARU,TMB,16,KAB. MUARA ENIM,SUMATERA SELATAN,CD010501407328,14:08,22:51,12/17/2023,Ekonomi,Gajayana,200,115,100000
CD01050140,BELIMBING/BELIMBING PENDOPO,BIB,16,KAB. MUARA ENIM,SUMATERA SELATAN,CD010501407505,14:05,20:53,12/31/2023,Ekonomi,Orchid Jaya,200,116,100000
CD01050140,GUNUNGMEGANG,GNM,16,KAB. MUARA ENIM,SUMATERA SELATAN,CD010501407804,4:01,11:22,12/28/2023,Ekonomi,Sembrani,200,117,100000
CD01050140,NIRU,NRU,16,KAB. MUARA ENIM,SUMATERA SELATAN,CD010501403306,2:52,2:03,12/24/2023,Bisnis,Argo Mawar,150,118,200000
CD01050140,Penanggiran,PNG,16,KAB. MUARA ENIM,SUMATERA SELATAN,CD010501402443,20:58,4:53,12/11/2023,Pariwisata,Argo Dwipangga,30,119,300000
CD01050140,BANJARSARI,BJI,16,KAB. LAHAT,SUMATERA SELATAN,CD010501404014,8:23,11:28,12/26/2023,Ekonomi,New Argo Jati,200,122,100000
CD01050140,LAHAT,LT,16,KAB. LAHAT,SUMATERA SELATAN,CD010501406794,2:34,7:39,12/17/2023,Ekonomi,Sembrani,200,123,100000
CD01050140,SUKACINTA,SCT,16,KAB. LAHAT,SUMATERA SELATAN,CD010501408174,9:24,19:06,12/11/2023,Ekonomi,Argo Sindoro,200,124,100000
CD01050140,SUKARAJA,SUA,16,KAB. LAHAT,SUMATERA SELATAN,CD010501407001,4:44,9:51,12/29/2023,Eksekutif,Turangga,100,125,500000
CD01050140,SAUNGNAGA,SNA,16,KAB. LAHAT,SUMATERA SELATAN,CD010501409392,20:41,5:20,12/15/2023,Pariwisata,Sembrani,30,127,300000
CD01050140,PAYAKABUNG,PYK,16,KAB. OGAN ILIR,SUMATERA SELATAN,CD010501405182,10:45,19:33,12/13/2023,Ekonomi,Turangga,200,132,100000
CD01050140,SIMPANG,SIG,16,KAB. OGAN ILIR,SUMATERA SELATAN,CD010501408337,11:32,19:17,12/24/2023,Ekonomi,Bangunkarta,200,133,100000
CD01050140,INDRALAYA,IDR/IDY,16,KAB. OGAN ILIR,SUMATERA SELATAN,CD010501404281,15:47,21:15,12/23/2023,Eksekutif,Argo Parahyangan,100,134,500000
CD01050140,TEBINGTINGGI,TI,16,KAB. EMPAT LAWANG,SUMATERA SELATAN,CD010501403862,14:02,15:14,12/22/2023,Ekonomi,Argo Wilis,200,135,100000
CD01050140,MUARASALING,MSL,16,KAB. EMPAT LAWANG,SUMATERA SELATAN,CD010501401745,4:03,7:48,1/1/2024,Eksekutif,Argo Sindoro,100,136,500000
CD01050140,KERTAPATI,KPT,16,KOTA PALEMBANG,SUMATERA SELATAN,CD010501407922,18:11,5:51,12/26/2023,Ekonomi,Taksaka,200,137,100000
CD01050140,LUBUK LINGGAU,LLG,16,KOTA LUBUK LINGGAU,SUMATERA SELATAN,CD010501406586,12:37,15:51,12/22/2023,Pariwisata,Argo Dwipangga,30,138,300000
CD01050140,PENIMUR,PNM,16,KOTA PRABUMULIH,SUMATERA SELATAN,CD010501401566,23:35,6:45,12/15/2023,Ekonomi,Argo Sindoro,200,139,100000
CD01050140,PRABUMULIH,PBM,16,KOTA PRABUMULIH,SUMATERA SELATAN,CD010501408371,22:49,6:44,12/28/2023,Pariwisata,Argo Dwipangga,30,140,300000
CD01050140,Prabumulih Baru,PBR X6,16,KOTA PRABUMULIH,SUMATERA SELATAN,CD010501409433,9:59,16:38,12/22/2023,Ekonomi,Gajayana,200,141,100000
CD01050140,KOTAPADANG,KOP,17,KAB. REJANG LEBONG,BENGKULU,CD010501408881,3:40,11:21,12/29/2023,Eksekutif,New Argo Jati,100,143,500000
CD01050140,METUR,MET,16,KAB. OGAN KOMERING ULU,SUMATERA SELATAN,CD010501401994,9:30,17:01,12/29/2023,Eksekutif,Taksaka,100,98,500000
CD01050140,Belatung,BLT,16,KAB. OGAN KOMERING ULU,SUMATERA SELATAN,CD010501408261,9:02,9:22,12/28/2023,Bisnis,Argo Wilis,150,99,200000
CD01050140,Belimbing Air Kaka,BIK,16,KAB. OGAN KOMERING ULU,SUMATERA SELATAN,CD010501401086,10:40,14:08,12/27/2023,Bisnis,Taksaka,150,100,200000
CD01050140,Lubuk Batang,LBT,16,KAB. OGAN KOMERING ULU,SUMATERA SELATAN,CD010501401355,20:15,7:12,1/2/2024,Bisnis,Bima,150,101,200000
CD01050140,BATURAJA,BTA,16,KAB. OGAN KOMERING ULU,SUMATERA SELATAN,CD010501400520,20:00,22:20,12/15/2023,Premium,Bangunkarta,50,102,400000
CD01050140,PENINJAWAN,PNW,16,KAB. OGAN KOMERING ULU,SUMATERA SELATAN,CD010501406006,20:52,1:19,12/26/2023,Eksekutif,Taksaka,100,103,500000
CD01050140,Lubuk Rukam,LRM,16,KAB. OGAN KOMERING ULU,SUMATERA SELATAN,CD010501400815,2:37,10:34,12/10/2023,Premium,Argo Muria,50,104,400000
CD01050140,Sepancar,SPC,16,KAB. OGAN KOMERING ULU,SUMATERA SELATAN,CD010501407361,10:48,18:18,12/13/2023,Eksekutif,Argo Mawar,100,105,500000
CD01050140,Tiga Gajah,TJH,16,KAB. OGAN KOMERING ULU,SUMATERA SELATAN,CD010501403793,0:30,10:12,1/5/2024,Pariwisata,Argo Dwipangga,30,106,300000
CD01050140,GILAS,GLS,16,KAB. OGAN KOMERING ULU TIMUR,SUMATERA SELATAN,CD010501407843,20:04,6:31,1/3/2024,Bisnis,Argo Wilis,150,129,200000
CD01050140,MARTAPURA,MP,16,KAB. OGAN KOMERING ULU TIMUR,SUMATERA SELATAN,CD010501407428,5:47,6:50,12/26/2023,Pariwisata,Taksaka,30,130,300000
CD01050140,TANJUNG RAMBANG,TJR,16,KOTA PRABUMULIH,SUMATERA SELATAN,CD010501400416,8:04,12:52,12/22/2023,Eksekutif,New Argo Jati,100,142,500000
CD01050140,REDJOSARI,RJS,18,KAB. LAMPUNG SELATAN,LAMPUNG,CD010501400511,22:53,7:26,1/3/2024,Eksekutif,Argo Dwipangga,100,145,500000
CD01050140,BEKRI,BKI,18,KAB. LAMPUNG TENGAH,LAMPUNG,CD010501401517,22:14,22:05,12/26/2023,Bisnis,New Argo Jati,150,146,200000
CD01050140,HAJI PAMANGGILAN,HJP,18,KAB. LAMPUNG TENGAH,LAMPUNG,CD010501405633,11:49,18:02,12/13/2023,Pariwisata,Argo Sindoro,30,147,300000
CD01050140,RENGAS,RGS,18,KAB. LAMPUNG TENGAH,LAMPUNG,CD010501403964,0:19,3:22,12/31/2023,Pariwisata,Jayakarta,30,148,300000
CD01050140,SULUSUBAN,SLS,18,KAB. LAMPUNG TENGAH,LAMPUNG,CD010501402171,8:41,13:32,1/3/2024,Bisnis,Argo Parahyangan,150,149,200000
CD01050140,NEGARA RATU,NRR,18,KAB. LAMPUNG UTARA,LAMPUNG,CD010501400220,13:31,0:39,12/29/2023,Bisnis,Bangunkarta,150,157,200000
CD01050140,TULUNG BUYUT,TLY,18,KAB. LAMPUNG UTARA,LAMPUNG,CD010501406809,13:37,0:15,12/29/2023,Pariwisata,Argo Sindoro,30,159,300000
CD01050140,BLAMBANGAN UMPU,BBU,18,KAB. WAY KANAN,LAMPUNG,CD010501401668,4:35,10:24,12/31/2023,Pariwisata,Bangunkarta,30,160,300000
CD01050140,GIHAM,GHM,18,KAB. WAY KANAN,LAMPUNG,CD010501403334,4:26,10:14,12/16/2023,Ekonomi,Argo Sindoro,200,161,100000
CD01050140,NEGRI AGUNG,NGN,18,KAB. WAY KANAN,LAMPUNG,CD010501406021,19:51,23:22,1/3/2024,Premium,Argo Muria,50,162,400000
CD01050140,WAY PISANG,WAP,18,KAB. WAY KANAN,LAMPUNG,CD010501409435,5:58,10:50,12/16/2023,Premium,Argo Muria,50,163,400000
CD01050140,WAY TUBA,WAY,18,KAB. WAY KANAN,LAMPUNG,CD010501402559,23:37,5:15,12/19/2023,Eksekutif,Gajayana,100,164,500000
CD01050140,Tanjung Rajo,TJO,18,KAB. WAY KANAN,LAMPUNG,CD010501401437,20:39,1:53,1/1/2024,Pariwisata,Sembrani,30,165,300000
CD01050140,PIDADA,PID,18,KOTA BANDAR LAMPUNG,LAMPUNG,CD010501404626,8:24,11:43,12/28/2023,Ekonomi,Taksaka,200,166,100000
CD01050140,LABUAN RATU,LAR,18,KOTA BANDAR LAMPUNG,LAMPUNG,CD010501407759,4:35,8:08,12/22/2023,Pariwisata,Argo Sindoro,30,167,300000
CD01050140,Panjang,PJN,18,KOTA BANDAR LAMPUNG,LAMPUNG,CD010501407389,3:07,14:40,12/23/2023,Pariwisata,Argo Sindoro,30,168,300000
CD01050140,TANJUNG KARANG,TNK,18,KOTA BANDAR LAMPUNG,LAMPUNG,CD010501406649,20:01,21:07,12/18/2023,Premium,Bima,50,169,400000
CD01050140,Bedono,BDN,33,KAB. SEMARANG,JAWA TENGAH,CD010501402796,7:35,11:53,12/13/2023,Pariwisata,Argo Muria,30,486,300000
CD01050140,Mampang,MPG,31,KOTA JAKARTA PUSAT,DKI JAKARTA,CD010501404316,8:44,17:56,1/3/2024,Eksekutif,Jayakarta,100,181,500000
CD01050140,CIPINANG,CPN,31,KOTA ADM. JAKARTA TIMUR,DKI JAKARTA,CD010501403814,19:49,1:30,1/5/2024,Premium,Bima,50,215,400000
CD01050140,Cijambe,CJB/CJE,32,KAB. SUKABUMI,JAWA BARAT,CD010501402252,15:46,15:26,12/14/2023,Premium,New Argo Jati,50,230,400000
CD01050140,Pondok Leungsir,PDL/PON,32,KAB. SUKABUMI,JAWA BARAT,CD010501400375,7:59,15:53,12/25/2023,Bisnis,New Argo Jati,150,231,200000
CD01050140,Labuan,LBU/LBN,36,KAB. PANDEGLANG,BANTEN,CD010501409829,7:42,8:39,12/30/2023,Ekonomi,Argo Lawu,200,765,100000
CD01050140,Saketi,STI,36,KAB. PANDEGLANG,BANTEN,CD010501409372,12:26,21:37,12/23/2023,Pariwisata,Argo Mawar,30,766,300000
CD01050140,Bayah,BYH/BAH,36,KAB. LEBAK,BANTEN,CD010501401465,14:03,18:11,1/1/2024,Bisnis,Argo Mawar,150,769,200000
CD01050140,Anyerkidul,ANK,36,KAB. SERANG,BANTEN,CD010501401817,3:58,6:46,12/19/2023,Eksekutif,Gajayana,100,780,500000
CD01050140,Cilaku,CLK,32,KAB. CIANJUR,JAWA BARAT,CD010501406694,20:07,22:43,12/19/2023,Ekonomi,Bima,200,239,100000
CD01050140,Maleber,MLB,32,KAB. CIANJUR,JAWA BARAT,CD010501402939,0:59,9:41,1/2/2024,Pariwisata,Bima,30,240,300000
CD01050140,Selajambe,SLJ,32,KAB. CIANJUR,JAWA BARAT,CD010501404803,19:54,0:46,12/19/2023,Bisnis,Bangunkarta,150,241,200000
CD01050140,Dayeuhkolot,DYK,32,KAB. BANDUNG,JAWA BARAT,CD010501408925,18:50,1:56,12/12/2023,Bisnis,Argo Bromo Anggrek,150,251,200000
CD01050140,Majalaya,MJY/MJA,32,KAB. BANDUNG,JAWA BARAT,CD010501406277,8:43,8:52,12/15/2023,Premium,Taksaka,50,253,400000
CD01050140,Soreang,SRG,32,KAB. BANDUNG,JAWA BARAT,CD010501405250,14:35,19:07,12/13/2023,Ekonomi,Muntilan,200,254,100000
CD01050140,Cikajang,CK/CKG,32,KAB. GARUT,JAWA BARAT,CD010501401313,5:41,11:54,12/31/2023,Ekonomi,Argo Mawar,200,256,100000
CD01050140,Cisurupan,CSN,32,KAB. GARUT,JAWA BARAT,CD010501404204,13:31,15:07,12/11/2023,Bisnis,Argo Sindoro,150,257,200000
CD01050140,Pirusa,PRS,32,KAB. TASIKMALAYA,JAWA BARAT,CD010501409803,0:22,0:45,12/24/2023,Pariwisata,Bima,30,269,300000
CD01050140,Tanjungsari,TJS,32,KAB. SUMEDANG,JAWA BARAT,CD010501403890,10:14,13:27,12/30/2023,Eksekutif,Bangunkarta,100,286,500000
CD01050140,Cisomang,CG,32,KAB. PURWAKARTA,JAWA BARAT,CD010501406660,20:59,1:36,12/21/2023,Bisnis,Argo Dwipangga,150,308,200000
CD01050140,Sadang,SAD,32,KAB. PURWAKARTA,JAWA BARAT,CD010501402524,1:02,5:30,12/10/2023,Pariwisata,Argo Mawar,30,309,300000
CD01050140,Raja Mandala,RM,32,KAB. BANDUNG BARAT,JAWA BARAT,CD010501409350,1:18,7:44,12/25/2023,Bisnis,Bima,150,321,200000
CD01050140,Cijulang,CIJ,32,KAB. PANGANDARAN,JAWA BARAT,CD010501405637,6:59,16:23,12/12/2023,Pariwisata,Sembrani,30,331,300000
CD01050140,Kalipucang,KLC,32,KAB. PANGANDARAN,JAWA BARAT,CD010501407840,1:11,5:14,1/2/2024,Ekonomi,Argo Bromo Anggrek,200,332,100000
CD01050140,Pangandaran,PND,32,KAB. PANGANDARAN,JAWA BARAT,CD010501402939,21:43,5:27,12/28/2023,Ekonomi,Orchid Jaya,200,333,100000
CD01050140,Ciwidey,CWD,32,KOTA BANDUNG,JAWA BARAT,CD010501409476,3:22,4:45,1/3/2024,Ekonomi,Orchid Jaya,200,347,100000
CD01050140,Singaparna,SPN/SPA,32,KOTA TASIKMALAYA,JAWA BARAT,CD010501406757,10:10,18:20,12/11/2023,Bisnis,Jayakarta,150,361,200000
CD01050140,Kaliwedi,KLW,32,KAB. CIREBON,JAWA BARAT,CD010501404308,8:40,17:53,12/31/2023,Eksekutif,Argo Wilis,100,280,500000
CD01050140,Kadipaten,KAD,32,KAB. MAJALENGKA,JAWA BARAT,CD010501409007,1:48,8:08,1/2/2024,Premium,Orchid Jaya,50,285,400000
CD01050140,Indramayu,IM,32,KAB. INDRAMAYU,JAWA BARAT,CD010501402289,21:20,0:39,12/27/2023,Bisnis,Sembrani,150,289,200000
CD01050140,Karangampel,KAP,32,KAB. INDRAMAYU,JAWA BARAT,CD010501409509,15:15,22:14,12/12/2023,Eksekutif,Orchid Jaya,100,290,500000
CD01050140,Bulakamba,BKA,33,KAB. BREBES,JAWA TENGAH,CD010501400488,2:35,2:55,12/17/2023,Ekonomi,Argo Dwipangga,200,510,100000
CD01050140,Ketanggungan Barat,KGB,33,KAB. BREBES,JAWA TENGAH,CD010501409616,23:07,3:33,12/26/2023,Premium,Muntilan,50,511,400000
CD01050140,Godong,GOG,33,KAB. GROBOGAN,JAWA TENGAH,CD010501400763,5:16,10:35,1/1/2024,Bisnis,Turangga,150,438,200000
CD01050140,Pengkol,PNG,33,KAB. GROBOGAN,JAWA TENGAH,CD010501405739,10:45,19:13,1/4/2024,Premium,Bima,50,442,400000
CD01050140,Purwodadi,PW,33,KAB. GROBOGAN,JAWA TENGAH,CD010501401834,14:09,17:00,12/25/2023,Premium,Muntilan,50,443,400000
CD01050140,Wirosari,WLS/WRS,33,KAB. GROBOGAN,JAWA TENGAH,CD010501401583,22:51,9:39,12/24/2023,Ekonomi,Bangunkarta,200,447,100000
CD01050140,Blora,BLA,33,KAB. BLORA,JAWA TENGAH,CD010501405440,4:23,8:38,12/22/2023,Ekonomi,Argo Mawar,200,458,100000
CD01050140,Kunduran,KDR,33,KAB. BLORA,JAWA TENGAH,CD010501406237,6:10,16:14,1/4/2024,Ekonomi,Argo Dwipangga,200,460,100000
CD01050140,Delok,DEK,33,KAB. REMBANG,JAWA TENGAH,CD010501404877,19:17,3:37,12/14/2023,Pariwisata,Argo Lawu,30,466,300000
CD01050140,Lasem,LS,33,KAB. REMBANG,JAWA TENGAH,CD010501403267,6:49,6:51,1/4/2024,Pariwisata,Turangga,30,467,300000
CD01050140,Mantingan,MNT,33,KAB. REMBANG,JAWA TENGAH,CD010501400874,22:04,3:48,12/11/2023,Pariwisata,Orchid Jaya,30,468,300000
CD01050140,Pamotan,PMT,33,KAB. REMBANG,JAWA TENGAH,CD010501400675,4:52,5:08,12/23/2023,Pariwisata,Turangga,30,469,300000
CD01050140,Rembang,RB,33,KAB. REMBANG,JAWA TENGAH,CD010501404571,0:23,2:54,12/14/2023,Pariwisata,Argo Parahyangan,30,470,300000
CD01050140,Bulumanis,BIS,33,KAB. PATI,JAWA TENGAH,CD010501408826,16:23,0:51,12/22/2023,Bisnis,Turangga,150,471,200000
CD01050140,Juwana,JU,33,KAB. PATI,JAWA TENGAH,CD010501401035,17:25,21:05,12/30/2023,Bisnis,Muntilan,150,472,200000
CD01050140,Pati,PT,33,KAB. PATI,JAWA TENGAH,CD010501404670,17:25,2:24,12/20/2023,Pariwisata,Gajayana,30,473,300000
CD01050140,Tayu,TAY,33,KAB. PATI,JAWA TENGAH,CD010501404294,15:41,17:58,12/28/2023,Eksekutif,Argo Mawar,100,474,500000
CD01050140,Kudus,KUD/KS,33,KAB. KUDUS,JAWA TENGAH,CD010501400821,14:23,23:16,12/20/2023,Eksekutif,Argo Bromo Anggrek,100,475,500000
CD01050140,Mayong,MY,33,KAB. JEPARA,JAWA TENGAH,CD010501405515,6:23,9:06,1/5/2024,Bisnis,Gajayana,150,476,200000
CD01050140,Pecangaan,PCG,33,KAB. JEPARA,JAWA TENGAH,CD010501400469,12:06,12:55,12/29/2023,Eksekutif,Sembrani,100,477,500000
CD01050140,Welahan,WLH,33,KAB. JEPARA,JAWA TENGAH,CD010501401593,2:11,2:32,12/22/2023,Pariwisata,Bima,30,478,300000
CD01050140,Buyaran,BYA,33,KAB. DEMAK,JAWA TENGAH,CD010501403828,9:57,12:43,12/15/2023,Premium,Argo Bromo Anggrek,50,479,400000
CD01050140,Demak,DM,33,KAB. DEMAK,JAWA TENGAH,CD010501408729,5:32,6:08,12/29/2023,Pariwisata,Argo Sindoro,30,480,300000
CD01050140,Ngaloran,NLR,33,KAB. DEMAK,JAWA TENGAH,CD010501405770,7:02,16:23,12/31/2023,Eksekutif,Argo Mawar,100,481,500000
CD01050140,Sayung,SYG,33,KAB. DEMAK,JAWA TENGAH,CD010501408854,12:57,13:29,12/30/2023,Premium,Argo Mawar,50,482,400000
CD01050140,TUNTANG,TTG,33,KAB. SEMARANG,JAWA TENGAH,CD010501401031,23:32,8:21,12/15/2023,Bisnis,Gajayana,150,485,200000
CD01050140,Beringin (Bringin),BRI,33,KAB. SEMARANG,JAWA TENGAH,CD010501407604,22:58,3:52,1/4/2024,Premium,Orchid Jaya,50,487,400000
CD01050140,Jambu,JMB,33,KAB. SEMARANG,JAWA TENGAH,CD010501402464,23:47,23:03,12/31/2023,Ekonomi,New Argo Jati,200,488,100000
CD01050140,Besokor,BSK,33,KAB. KENDAL,JAWA TENGAH,CD010501408920,3:59,8:49,12/17/2023,Pariwisata,Argo Sindoro,30,493,300000
CD01050140,Kendal,KL,33,KAB. KENDAL,JAWA TENGAH,CD010501405752,3:40,4:59,12/11/2023,Ekonomi,Argo Muria,200,495,100000
CD01050140,Wonopringgo,WNP (WPO),33,KAB. PEKALONGAN,JAWA TENGAH,CD010501408735,4:37,5:30,12/12/2023,Pariwisata,Argo Sindoro,30,502,300000
CD01050140,Genuk,GNK,33,KOTA SEMARANG,JAWA TENGAH,CD010501408555,14:02,17:15,12/31/2023,Pariwisata,Argo Muria,30,529,300000
CD01050140,Jurnatan,JNA,33,KOTA SEMARANG,JAWA TENGAH,CD010501405384,3:13,4:16,12/26/2023,Eksekutif,Taksaka,100,531,500000
CD01050140,Kemijen,KME,33,KOTA SEMARANG,JAWA TENGAH,CD010501409123,4:23,4:21,12/30/2023,Bisnis,Argo Parahyangan,150,532,200000
CD01050140,Legok,LGK,33,KAB. BANYUMAS,JAWA TENGAH,CD010501403238,10:24,17:55,12/24/2023,Eksekutif,Argo Mawar,100,384,500000
CD01050140,Patikraja,PKJ,33,KAB. BANYUMAS,JAWA TENGAH,CD010501402159,19:20,2:26,1/3/2024,Bisnis,Argo Dwipangga,150,386,200000
CD01050140,Purwokerto Timur,PKT,33,KAB. BANYUMAS,JAWA TENGAH,CD010501405679,22:40,7:09,12/13/2023,Bisnis,Gajayana,150,387,200000
CD01050140,Sokaraja,SOK,33,KAB. BANYUMAS,JAWA TENGAH,CD010501409643,15:32,16:52,12/13/2023,Pariwisata,Taksaka,30,388,300000
CD01050140,Banjarsari,BJI/BJRS,33,KAB. BANYUMAS,JAWA TENGAH,CD010501401135,10:48,15:55,12/13/2023,Bisnis,Sembrani,150,392,200000
CD01050140,Banjarnegara,BA,33,KAB. BANJARNEGARA,JAWA TENGAH,CD010501408537,23:23,3:19,12/16/2023,Eksekutif,Argo Parahyangan,100,394,500000
CD01050140,Purwareja,PWJ,33,KAB. BANJARNEGARA,JAWA TENGAH,CD010501400647,2:48,8:07,12/28/2023,Ekonomi,Argo Mawar,200,395,100000
CD01050140,Soka,SOA,33,KAB. KEBUMEN,JAWA TENGAH,CD010501402052,9:04,11:12,12/19/2023,Ekonomi,Jayakarta,200,401,100000
CD01050140,Montelan,MTL,33,KAB. PURWOREJO,JAWA TENGAH,CD010501403032,14:43,18:10,12/11/2023,Pariwisata,Bangunkarta,30,409,300000
CD01050140,Purworejo,PWR,33,KAB. PURWOREJO,JAWA TENGAH,CD010501402184,21:03,0:35,1/5/2024,Pariwisata,Argo Dwipangga,30,410,300000
CD01050140,Selokromo,SOR,33,KAB. WONOSOBO,JAWA TENGAH,CD010501405486,20:24,3:53,12/13/2023,Pariwisata,Argo Mawar,30,411,300000
CD01050140,Wonosobo,WS,33,KAB. WONOSOBO,JAWA TENGAH,CD010501403324,8:10,8:20,12/13/2023,Ekonomi,Argo Parahyangan,200,412,100000
CD01050140,Secang,SCA,33,KAB. MAGELANG,JAWA TENGAH,CD010501403568,12:21,21:50,1/5/2024,Pariwisata,Argo Sindoro,30,413,300000
CD01050140,Boyolali,BI,33,KAB. BOYOLALI,JAWA TENGAH,CD010501403547,9:14,9:03,12/31/2023,Pariwisata,Argo Mawar,30,414,300000
CD01050140,Kalisamin,KIM,33,KAB. SUKOHARJO,JAWA TENGAH,CD010501404454,19:16,22:36,12/31/2023,Ekonomi,Argo Dwipangga,200,426,100000
CD01050140,Kronelan,KNL,33,KAB. SUKOHARJO,JAWA TENGAH,CD010501404098,14:51,14:21,12/15/2023,Ekonomi,New Argo Jati,200,427,100000
CD01050140,Baturetno,BRO,33,KAb. WONOGIRI,JAWA TENGAH,CD010501409980,10:58,19:29,12/15/2023,Eksekutif,Argo Mawar,100,429,500000
CD01050140,Parakan,PN/PRN,33,KAB. TEMANGGUNG,JAWA TENGAH,CD010501409231,19:50,2:16,12/10/2023,Pariwisata,Argo Wilis,30,489,300000
CD01050140,Temanggung,TMG,33,KAB. TEMANGGUNG,JAWA TENGAH,CD010501402065,16:31,21:27,12/18/2023,Eksekutif,Sembrani,100,490,500000
CD01050140,Magelang,MG,33,KOTA MAGELANG,JAWA TENGAH,CD010501408554,20:06,2:42,1/2/2024,Eksekutif,Taksaka,100,521,500000
CD01050140,Sewugalur,SWG,34,KAB. KULON PROGO,DI YOGYAKARTA,CD010501405007,5:53,14:33,1/1/2024,Premium,New Argo Jati,50,539,400000
CD01050140,Palbapang,PLP,34,KAB. BANTUL,DI YOGYAKARTA,CD010501405333,19:15,23:03,1/3/2024,Premium,Sembrani,50,541,400000
CD01050140,Pundung,PDG,34,KAB. BANTUL,DI YOGYAKARTA,CD010501407047,21:49,4:16,1/2/2024,Premium,Argo Wilis,50,542,400000
CD01050140,Sedayu,SDY,34,KAB. BANTUL,DI YOGYAKARTA,CD010501402162,19:13,23:51,12/10/2023,Bisnis,Argo Mawar,150,544,200000
CD01050140,Srandakan,SDK,34,KAB. BANTUL,DI YOGYAKARTA,CD010501400834,22:23,22:45,12/17/2023,Bisnis,New Argo Jati,150,545,200000
CD01050140,Ngabean,NBN,34,KOTA YOGYAKARTA,DI YOGYAKARTA,CD010501403832,1:50,5:57,12/21/2023,Bisnis,Argo Parahyangan,150,549,200000
CD01050140,Pasar Gede,PGD,34,KOTA YOGYAKARTA,DI YOGYAKARTA,CD010501408950,22:49,7:01,12/25/2023,Bisnis,Argo Sindoro,150,550,200000
CD01050140,Badegan,BDG,35,KAB. PONOROGO,JAWA TIMUR,CD010501402758,12:29,22:54,12/17/2023,Pariwisata,Argo Dwipangga,30,552,300000
CD01050140,Balong,BNG,35,KAB. PONOROGO,JAWA TIMUR,CD010501407235,7:09,7:14,12/11/2023,Ekonomi,Gajayana,200,553,100000
CD01050140,Ponorogo,PO,35,KAB. PONOROGO,JAWA TIMUR,CD010501400383,18:10,2:56,12/21/2023,Pariwisata,Taksaka,30,554,300000
CD01050140,Slahung,SLH,35,KAB. PONOROGO,JAWA TIMUR,CD010501405822,6:08,15:40,12/18/2023,Pariwisata,Argo Bromo Anggrek,30,555,300000
CD01050140,Sumoroto,SMT,35,KAB. PONOROGO,JAWA TIMUR,CD010501408548,7:07,11:52,1/1/2024,Pariwisata,Bima,30,556,300000
CD01050140,Trenggalek (Tugu),TGL (TGU),35,KAB. TRENGGALEK,JAWA TIMUR,CD010501409053,1:32,12:21,12/13/2023,Premium,Gajayana,50,557,400000
CD01050140,Campurdarat,CPT,35,KAB. TULUNGAGUNG,JAWA TIMUR,CD010501403542,3:33,14:27,12/24/2023,Pariwisata,Sembrani,30,563,300000
CD01050140,Gurah,GU,35,KAB. KEDIRI,JAWA TIMUR,CD010501404935,3:17,7:56,1/4/2024,Pariwisata,Muntilan,30,564,300000
CD01050140,Jengkol,JKL,35,KAB. KEDIRI,JAWA TIMUR,CD010501405147,2:50,8:33,12/18/2023,Ekonomi,Argo Parahyangan,200,565,100000
CD01050140,Konto,KTO,35,KAB. KEDIRI,JAWA TIMUR,CD010501402157,0:53,4:49,12/16/2023,Premium,New Argo Jati,50,566,400000
CD01050140,Kuarasan,KRS,35,KAB. KEDIRI,JAWA TIMUR,CD010501408486,11:09,19:14,12/17/2023,Bisnis,Argo Dwipangga,150,567,200000
CD01050140,Pare,PE,35,KAB. KEDIRI,JAWA TIMUR,CD010501405336,21:20,23:48,12/15/2023,Eksekutif,Argo Parahyangan,100,568,500000
CD01050140,Pehsentee,PST,35,KAB. KEDIRI,JAWA TIMUR,CD010501408213,19:02,2:07,12/18/2023,Eksekutif,Jayakarta,100,569,500000
CD01050140,Wales,WLS,35,KAB. KEDIRI,JAWA TIMUR,CD010501405055,18:43,2:17,1/1/2024,Eksekutif,Argo Bromo Anggrek,100,570,500000
CD01050140,Kambangan,KBG,35,KAB. JOMBANG,JAWA TIMUR,CD010501408810,13:11,0:02,1/1/2024,Ekonomi,Bima,200,663,100000
CD01050140,Majoagung,MJG,35,KAB. JOMBANG,JAWA TIMUR,CD010501400129,5:26,5:37,12/13/2023,Ekonomi,Bima,200,664,100000
CD01050140,Ngoro,NGR,35,KAB. JOMBANG,JAWA TIMUR,CD010501403812,10:09,13:14,12/10/2023,Eksekutif,Gajayana,100,665,500000
CD01050140,Ploso,POS,35,KAB. JOMBANG,JAWA TIMUR,CD010501400819,14:05,0:53,12/25/2023,Pariwisata,Turangga,30,666,300000
CD01050140,Pulorejo,PLR,35,KAB. JOMBANG,JAWA TIMUR,CD010501409580,5:30,14:24,12/26/2023,Eksekutif,Gajayana,100,667,500000
CD01050140,Pesantren,PES,35,KOTA KEDIRI,JAWA TIMUR,CD010501407025,19:03,23:59,1/1/2024,Premium,Jayakarta,50,721,400000
CD01050140,Batu Lawang,BTW,35,KAB. MALANG,JAWA TIMUR,CD010501400056,3:53,14:12,12/23/2023,Premium,Sembrani,50,571,400000
CD01050140,Dampit,DPT,35,KAB. MALANG,JAWA TIMUR,CD010501409798,4:42,13:56,1/1/2024,Premium,Argo Lawu,50,572,400000
CD01050140,Gondang Legi,GDL,35,KAB. MALANG,JAWA TIMUR,CD010501401376,9:12,10:48,1/5/2024,Pariwisata,Bima,30,573,300000
CD01050140,Tumpang,TPG,35,KAB. MALANG,JAWA TIMUR,CD010501402873,15:34,23:23,12/18/2023,Pariwisata,Argo Lawu,30,574,300000
CD01050140,Jabung,JBG,35,KAB. PROBOLINGGO,JAWA TIMUR,CD010501408609,21:27,3:06,12/11/2023,Eksekutif,Bangunkarta,100,625,500000
CD01050140,Malasan,MLS,35,KAB. PROBOLINGGO,JAWA TIMUR,CD010501407657,13:07,18:11,12/11/2023,Premium,Argo Mawar,50,626,400000
CD01050140,Phaiton,PHA,35,KAB. PROBOLINGGO,JAWA TIMUR,CD010501402788,0:55,3:27,12/30/2023,Bisnis,Argo Lawu,150,627,200000
CD01050140,Gunung Gangsir,GNG,35,KAB. PASURUAN,JAWA TIMUR,CD010501408415,21:52,21:11,12/22/2023,Premium,New Argo Jati,50,628,400000
CD01050140,Japanan,JPN,35,KAB. PASURUAN,JAWA TIMUR,CD010501403093,7:22,10:09,12/21/2023,Ekonomi,Orchid Jaya,200,629,100000
CD01050140,Ngempit,NGE,35,KAB. PASURUAN,JAWA TIMUR,CD010501408963,23:10,0:24,12/23/2023,Premium,Argo Sindoro,50,630,400000
CD01050140,Nguling,NGU,35,KAB. PASURUAN,JAWA TIMUR,CD010501404730,23:15,9:35,12/10/2023,Bisnis,Argo Dwipangga,150,631,200000
CD01050140,Pandaan,PDN,35,KAB. PASURUAN,JAWA TIMUR,CD010501400741,11:56,22:52,1/1/2024,Eksekutif,Gajayana,100,632,500000
CD01050140,Warungdowo,WRD,35,KAB. PASURUAN,JAWA TIMUR,CD010501405284,10:55,14:08,1/5/2024,Ekonomi,Orchid Jaya,200,633,100000
CD01050140,Winongan,WNG,35,KAB. PASURUAN,JAWA TIMUR,CD010501408954,6:07,12:17,12/14/2023,Bisnis,Orchid Jaya,150,634,200000
CD01050140,BANJARKEMANTREN,BJK,35,KAB. SIDOARJO,JAWA TIMUR,CD010501402657,10:10,15:03,12/16/2023,Premium,Argo Parahyangan,50,635,400000
CD01050140,BUDURAN,BDR,35,KAB. SIDOARJO,JAWA TIMUR,CD010501409292,9:41,19:49,1/2/2024,Ekonomi,Argo Muria,200,637,100000
CD01050140,PAGERWOJO,PWJ,35,KAB. SIDOARJO,JAWA TIMUR,CD010501401876,22:20,7:05,12/14/2023,Eksekutif,Argo Dwipangga,100,641,500000
CD01050140,SAWOTRATAP,STP,35,KAB. SIDOARJO,JAWA TIMUR,CD010501402478,0:16,6:49,12/10/2023,Bisnis,Argo Lawu,150,643,200000
CD01050140,Prambon,PBN,35,KAB. SIDOARJO,JAWA TIMUR,CD010501400555,22:38,3:49,12/15/2023,Eksekutif,Bima,100,650,500000
CD01050140,Bangsal,BGS,35,KAB. MOJOKERTO,JAWA TIMUR,CD010501402247,12:32,17:56,12/13/2023,Premium,Argo Sindoro,50,652,400000
CD01050140,Brangkal,BRL,35,KAB. MOJOKERTO,JAWA TIMUR,CD010501406953,21:39,5:42,12/24/2023,Ekonomi,Taksaka,200,653,100000
CD01050140,Dinoyo,DNY,35,KAB. MOJOKERTO,JAWA TIMUR,CD010501403664,12:20,14:06,12/17/2023,Ekonomi,Argo Sindoro,200,654,100000
CD01050140,Gempolkerep,GKP,35,KAB. MOJOKERTO,JAWA TIMUR,CD010501405759,16:21,18:06,12/16/2023,Eksekutif,Bima,100,655,500000
CD01050140,Lespadangan,LPD,35,KAB. MOJOKERTO,JAWA TIMUR,CD010501405659,7:26,11:41,12/21/2023,Bisnis,Argo Lawu,150,656,200000
CD01050140,Pohjejer,PJJ,35,KAB. MOJOKERTO,JAWA TIMUR,CD010501406714,10:41,11:03,12/30/2023,Pariwisata,Turangga,30,657,300000
CD01050140,Jatirogo,JTG,35,KAB. TUBAN,JAWA TIMUR,CD010501406062,20:56,2:49,12/30/2023,Premium,Argo Dwipangga,50,687,400000
CD01050140,Merakurak,MKR,35,KAB. TUBAN,JAWA TIMUR,CD010501406054,16:25,3:01,12/28/2023,Ekonomi,Argo Wilis,200,688,100000
CD01050140,Plumpang,PMG,35,KAB. TUBAN,JAWA TIMUR,CD010501400160,22:48,1:50,1/4/2024,Premium,Muntilan,50,689,400000
CD01050140,Bluluk,BLK,35,KAB. LAMONGAN,JAWA TIMUR,CD010501403812,20:36,20:31,12/24/2023,Eksekutif,Argo Wilis,100,696,500000
CD01050140,Kedungpring,KEI,35,KAB. LAMONGAN,JAWA TIMUR,CD010501403340,12:50,13:27,1/2/2024,Ekonomi,Argo Mawar,200,697,100000
CD01050140,Ngimbang,NBG,35,KAB. LAMONGAN,JAWA TIMUR,CD010501407006,14:01,21:49,12/19/2023,Eksekutif,Orchid Jaya,100,699,500000
CD01050140,Gresik,GS,35,KAB. GRESIK,JAWA TIMUR,CD010501408430,3:23,8:34,12/25/2023,Pariwisata,Sembrani,30,703,300000
CD01050140,Balega,BGA,35,KAB. BANGKALAN,JAWA TIMUR,CD010501409431,14:31,20:59,12/14/2023,Pariwisata,Argo Wilis,30,705,300000
CD01050140,Bangkalan,BKL,35,KAB. BANGKALAN,JAWA TIMUR,CD010501400834,18:10,0:37,12/29/2023,Bisnis,New Argo Jati,150,706,200000
CD01050140,Kamal,KML,35,KAB. BANGKALAN,JAWA TIMUR,CD010501405438,8:49,18:20,12/27/2023,Ekonomi,Argo Sindoro,200,707,100000
CD01050140,Kwanyar,KWR,35,KAB. BANGKALAN,JAWA TIMUR,CD010501409175,7:17,9:49,12/28/2023,Bisnis,Turangga,150,708,200000
CD01050140,Tanah Merah,TNM,35,KAB. BANGKALAN,JAWA TIMUR,CD010501404670,15:41,2:28,1/4/2024,Eksekutif,Argo Bromo Anggrek,100,709,500000
CD01050140,Sampang,SPG,35,KAB. SAMPANG,JAWA TIMUR,CD010501403230,13:55,23:16,1/4/2024,Bisnis,Argo Wilis,150,710,200000
CD01050140,Pamekasan,PM,35,KAB. PAMEKASAN,JAWA TIMUR,CD010501409790,22:53,0:33,12/31/2023,Bisnis,New Argo Jati,150,711,200000
CD01050140,Kalianget,KLG,35,KAB. SUMENEP,JAWA TIMUR,CD010501403659,19:23,19:36,12/28/2023,Eksekutif,Sembrani,100,712,500000
CD01050140,Sumenep,SMN,35,KAB. SUMENEP,JAWA TIMUR,CD010501409854,9:30,17:58,12/19/2023,Bisnis,Argo Sindoro,150,713,200000
CD01050140,Pasirian,PSR,35,KAB. LUMAJANG,JAWA TIMUR,CD010501406955,9:09,14:22,12/26/2023,Ekonomi,Turangga,200,579,100000
CD01050140,Ambulu,ABL,35,KAB. JEMBER,JAWA TIMUR,CD010501407998,21:52,5:29,12/19/2023,Ekonomi,Orchid Jaya,200,589,100000
CD01050140,Balung,BUG,35,KAB. JEMBER,JAWA TIMUR,CD010501409087,6:29,11:53,12/24/2023,Pariwisata,Argo Bromo Anggrek,30,590,300000
CD01050140,Kaliwates,KLW,35,KAB. JEMBER,JAWA TIMUR,CD010501407697,5:21,6:11,12/24/2023,Ekonomi,Argo Sindoro,200,591,100000
CD01050140,Kasiyamlor,KYR,35,KAB. JEMBER,JAWA TIMUR,CD010501406384,21:37,21:29,12/30/2023,Ekonomi,Argo Wilis,200,592,100000
CD01050140,Puger,PG,35,KAB. JEMBER,JAWA TIMUR,CD010501403348,22:22,1:57,12/14/2023,Ekonomi,Sembrani,200,596,100000
CD01050140,Sumberbaru,SBB,35,KAB. JEMBER,JAWA TIMUR,CD010501405728,11:59,14:19,1/3/2024,Premium,Muntilan,50,598,400000
CD01050140,Sumber Salak,SBS,35,KAB. BLITAR,JAWA TIMUR,CD010501403746,2:27,10:33,12/23/2023,Bisnis,Argo Mawar,150,599,200000
CD01050140,Benculuk,BEN,35,KAB. BANYUWANGI,JAWA TIMUR,CD010501404340,6:31,6:44,12/11/2023,Premium,Muntilan,50,612,400000
CD01050140,Kabat Baru,KBL,35,KAB. BANYUWANGI,JAWA TIMUR,CD010501403897,16:30,23:58,1/5/2024,Bisnis,Argo Parahyangan,150,613,200000
CD01050140,Kempit,KP,35,KAB. BANYUWANGI,JAWA TIMUR,CD010501409806,11:34,11:43,12/28/2023,Premium,Bangunkarta,50,615,400000
CD01050140,Krikilan,KKL,35,KAB. BANYUWANGI,JAWA TIMUR,CD010501404894,11:20,13:42,12/21/2023,Premium,Bima,50,616,400000
CD01050140,Srono,SRO,35,KAB. BANYUWANGI,JAWA TIMUR,CD010501409937,15:03,19:48,1/3/2024,Premium,Argo Mawar,50,617,400000
CD01050140,BONDOWOSO,BO,35,KAB. BONDOWOSO,JAWA TIMUR,CD010501406730,21:13,3:59,12/19/2023,Ekonomi,Argo Lawu,200,618,100000
CD01050140,Panarukan,PNR,35,KAB. SITUBONDO,JAWA TIMUR,CD010501407198,1:28,3:00,12/13/2023,Eksekutif,Argo Muria,100,619,500000
CD01050140,Panji,PJ,35,KAB. SITUBONDO,JAWA TIMUR,CD010501402149,2:38,8:19,12/11/2023,Bisnis,Argo Bromo Anggrek,150,620,200000
CD01050140,Situbondo,SIT,35,KAB. SITUBONDO,JAWA TIMUR,CD010501408875,21:13,2:58,12/12/2023,Premium,Argo Mawar,50,621,400000
CD01050140,Seulimeum,SMM,11,KAB. ACEH BESAR,ACEH,CD010501403247,12:31,14:52,12/17/2023,Ekonomi,Argo Bromo Anggrek,200,2,100000
CD01050140,Beureunun,BUN,11,KAB. PIDIE,ACEH,CD010501407333,10:01,17:26,12/13/2023,Ekonomi,Turangga,200,3,100000
CD01050140,Lammeulo,LML,11,KAB. PIDIE,ACEH,CD010501404318,21:45,1:58,12/18/2023,Premium,Orchid Jaya,50,4,400000
CD01050140,Sigli,SGI,11,KAB. PIDIE,ACEH,CD010501407036,11:34,16:53,12/18/2023,Pariwisata,Gajayana,30,5,300000
CD01050140,Bireuen,BIR,11,KAB. BIREUEN,ACEH,CD010501406725,18:04,5:16,1/1/2024,Ekonomi,Muntilan,200,8,100000
CD01050140,Kuala Simpang,KSP,11,KAB. ACEH TAMIANG,ACEH,CD010501400808,17:14,23:45,12/14/2023,Pariwisata,Argo Mawar,30,9,300000
CD01050140,Semadam,SMD,11,KAB. ACEH TAMIANG,ACEH,CD010501406139,12:03,16:58,12/27/2023,Bisnis,Argo Muria,150,10,200000
CD01050140,Banda Aceh,BNA,11,KOTA BANDA ACEH,ACEH,CD010501406216,2:41,2:08,12/27/2023,Pariwisata,Argo Bromo Anggrek,30,11,300000
CD01050140,Ule Lheue,ULL,11,KOTA BANDA ACEH,ACEH,CD010501409778,6:11,10:49,1/2/2024,Pariwisata,Argo Lawu,30,12,300000
CD01050140,Lhokseumawe,LSM,11,KOTA LHOKSEUMAWE,ACEH,CD010501405465,22:36,9:40,12/19/2023,Bisnis,New Argo Jati,150,13,200000
CD01050140,Kuala Langsa,KLA,11,KOTA LANGSA,ACEH,CD010501402997,11:18,21:24,12/23/2023,Bisnis,Bangunkarta,150,14,200000
CD01050140,Langsa,LGA,11,KOTA LANGSA,ACEH,CD010501403709,23:51,23:33,12/19/2023,Ekonomi,Sembrani,200,15,100000
CD01050140,Besitang,BSG,12,KAB. LANGKAT,SUMATERA UTARA,CD010501402008,13:14,18:09,12/15/2023,Eksekutif,Turangga,100,17,500000
CD01050140,Pangkalan Brandan,PBD,12,KAB. LANGKAT,SUMATERA UTARA,CD010501404222,12:35,15:38,1/2/2024,Eksekutif,Gajayana,100,18,500000
CD01050140,Pangkalan Susu,PSU,12,KAB. LANGKAT,SUMATERA UTARA,CD010501400282,14:05,17:01,1/4/2024,Ekonomi,Bima,200,19,100000
CD01050140,Ampalu,TJA,13,KAB. SIJUNJUNG,SUMATERA BARAT,CD010501402481,18:05,5:59,12/23/2023,Premium,Argo Wilis,50,54,400000
CD01050140,Muaro,MRO,13,KAB. SIJUNJUNG,SUMATERA BARAT,CD010501406076,9:31,9:38,12/11/2023,Bisnis,Bima,150,55,200000
CD01050140,Padang Sibusuk,PSK,13,KAB. SIJUNJUNG,SUMATERA BARAT,CD010501405622,11:22,21:47,12/20/2023,Pariwisata,Argo Lawu,30,56,300000
CD01050140,BATU TABAL,BTL,13,KAB. TANAH DATAR,SUMATERA BARAT,CD010501402314,2:26,7:52,12/22/2023,Ekonomi,Argo Parahyangan,200,57,100000
CD01050140,Kubu Kerambil,KKR,13,KAB. TANAH DATAR,SUMATERA BARAT,CD010501403461,15:15,15:04,12/26/2023,Eksekutif,Bangunkarta,100,59,500000
CD01050140,Pasar Rebo,PSR,13,KAB. TANAH DATAR,SUMATERA BARAT,CD010501404824,9:15,19:43,12/21/2023,Ekonomi,Jayakarta,200,60,100000
CD01050140,Kandang Ampat,KDP,13,KAB. PADANG PARIAMAN,SUMATERA BARAT,CD010501403579,1:20,7:48,12/12/2023,Eksekutif,Taksaka,100,67,500000
CD01050140,Parit Malintang,PRM,13,KAB. PADANG PARIAMAN,SUMATERA BARAT,CD010501406929,18:45,18:40,12/16/2023,Ekonomi,Muntilan,200,68,100000
CD01050140,Sungai Limau,SGL,13,KAB. PADANG PARIAMAN,SUMATERA BARAT,CD010501407294,18:25,5:37,12/26/2023,Ekonomi,Argo Sindoro,200,69,100000
CD01050140,Halteu Baso,BSO,13,KAB. AGAM,SUMATERA BARAT,CD010501405108,11:32,12:14,12/18/2023,Premium,Gajayana,50,70,400000
CD01050140,Padang Luar,PDR,13,KAB. AGAM,SUMATERA BARAT,CD010501408332,7:39,16:54,12/18/2023,Premium,Argo Muria,50,71,400000
CD01050140,Padang Tarab,PDT,13,KAB. AGAM,SUMATERA BARAT,CD010501400177,7:42,10:48,12/28/2023,Pariwisata,Argo Dwipangga,30,72,300000
CD01050140,Tanjung Alam,TJL,13,KAB. AGAM,SUMATERA BARAT,CD010501403258,19:48,2:15,12/16/2023,Ekonomi,Turangga,200,73,100000
CD01050140,Limbanang,LBN,13,KAB. LIMA PULUH KOTA,SUMATERA BARAT,CD010501408976,13:46,23:08,12/30/2023,Bisnis,Turangga,150,74,200000
CD01050140,Piladang,PLG,13,KAB. LIMA PULUH KOTA,SUMATERA BARAT,CD010501403921,12:18,15:15,12/15/2023,Ekonomi,Sembrani,200,75,100000
CD01050140,PULAU AIR,PLA,13,KOTA PADANG,SUMATERA BARAT,CD010501406114,22:05,7:56,12/20/2023,Eksekutif,Jayakarta,100,82,500000
CD01050140,Teluk Bayur,TBY,13,KOTA PADANG,SUMATERA BARAT,CD010501403917,9:11,11:36,12/28/2023,Premium,Jayakarta,50,84,400000
CD01050140,SINGKARAK,SKA,13,KAB. SOLOK,SUMATERA BARAT,CD010501408193,9:22,20:33,12/25/2023,Bisnis,Argo Muria,150,85,200000
CD01050140,SOLOK,SLK,13,KOTA SOLOK,SUMATERA BARAT,CD010501403257,13:58,14:36,12/24/2023,Premium,Argo Muria,50,86,400000
CD01050140,Kacang,KCN,13,KAB. SOLOK,SUMATERA BARAT,CD010501402291,12:34,19:33,1/2/2024,Eksekutif,Argo Mawar,100,87,500000
CD01050140,Sungai Lassi,SNL,13,KAB. SOLOK,SUMATERA BARAT,CD010501400581,9:54,13:31,12/12/2023,Eksekutif,Muntilan,100,88,500000
CD01050140,Silungkang,SLN,13,KOTA SAWAHLUNTO,SUMATERA BARAT,CD010501401169,22:11,6:57,1/5/2024,Premium,Jayakarta,50,91,400000
CD01050140,PADANG PANJANG,PP,13,KOTA PADANG PANJANG,SUMATERA BARAT,CD010501401826,21:16,2:52,12/19/2023,Bisnis,Gajayana,150,92,200000
CD01050140,BUKIT TINGGI,BUK/BKT,13,KOTA BUKITTINGGI,SUMATERA BARAT,CD010501404233,6:47,10:45,1/4/2024,Pariwisata,Bangunkarta,30,93,300000
CD01050140,Payakumbuh,PYK,13,KOTA PAYAKUMBUH,SUMATERA BARAT,CD010501404885,19:06,3:30,1/1/2024,Pariwisata,Argo Mawar,30,94,300000
CD01050140,KURAI TADJI,KI,13,KOTA PARIAMAN,SUMATERA BARAT,CD010501401085,1:52,6:02,12/10/2023,Eksekutif,Argo Lawu,100,95,500000
CD01050140,Talangpadang,TLP,16,KAB. MUARA ENIM,SUMATERA SELATAN,CD010501409769,2:33,9:23,12/14/2023,Bisnis,Taksaka,150,120,200000
CD01050140,Tanjung Terang,TTR,16,KAB. MUARA ENIM,SUMATERA SELATAN,CD010501400317,9:23,17:48,12/11/2023,Pariwisata,Bima,30,121,300000
