fcode,nama stasiun,kode stasiun,kd_prov,kabkot,provinsi,srs_id,objectid
CD01050140,AIR ASAM,AIS/ASM,16,KAB. MUARA ENIM,SUMATERA SELATAN,WGS 1984,107
CD01050140,Lambaro,LRO,11,KAB. ACEH BESAR,ACEH,WGS 1984,1
CD01050140,LECES,LEC,35,KAB. PROBOLINGGO,JAWA TIMUR,WGS 1984,623
CD01050140,PROBOLINGGO,PB,35,KAB. PROBOLINGGO,JAWA TIMUR,WGS 1984,624
CD01050140,GRATI,GI,35,KOTA PASURUAN,JAWA TIMUR,WGS 1984,738
CD01050140,PASURUAN,PS,35,KOTA PASURUAN,JAWA TIMUR,WGS 1984,739
CD01050140,REJOSO,RO,35,KOTA PASURUAN,JAWA TIMUR,WGS 1984,740
,KRUENG GEUKUEH,KRG,11,KAB. ACEH UTARA,ACEH,,6
,KRUENG MANE,KRM,11,KAB. ACEH UTARA,ACEH,,7
,KUALA BINGEI,KBG,12,KAB. LANGKAT,SUMATERA UTARA,,16
CD01050140,ARAS KABU,ARB,12,KAB. DELI SERDANG,SUMATERA UTARA,WGS 1984,20
CD01050140,BATANG KUIS,BTK,12,KAB. DELI SERDANG,SUMATERA UTARA,WGS 1984,21
CD01050140,LUBUK PAKAM,LBP,12,KAB. DELI SERDANG,SUMATERA UTARA,WGS 1984,22
,BAHLIAS,BLI,12,KAB. SIMALUNGUN,SUMATERA UTARA,,23
,BAJALINGGEI,BJL,12,KAB. SERDANG BEDAGAI,SUMATERA UTARA,,24
CD01050140,DOLOK MERANGIR,DMR,12,KAB. SIMALUNGUN,SUMATERA UTARA,WGS 1984,25
CD01050140,PERLANAAN,PRA,12,KAB. SIMALUNGUN,SUMATERA UTARA,WGS 1984,26
CD01050140,BANDAR TINGGI,BDT,12,KAB. SIMALUNGUN,SUMATERA UTARA,WGS 1984,27
CD01050140,AEK LOBA,AKB,12,KAB. ASAHAN,SUMATERA UTARA,WGS 1984,28
CD01050140,KISARAN,KIS,12,KAB. ASAHAN,SUMATERA UTARA,WGS 1984,29
CD01050140,PULU RAJA,PUR,12,KAB. ASAHAN,SUMATERA UTARA,WGS 1984,30
,TELUK DALAM,TUK,12,KAB. ASAHAN,SUMATERA UTARA,,31
CD01050140,RANTAU PRAPAT,RAP,12,KAB. LABUHANBATU,SUMATERA UTARA,WGS 1984,32
CD01050140,PERBAUNGAN,PBA,12,KAB. SERDANG BEDAGAI,SUMATERA UTARA,WGS 1984,33
CD01050140,BAMBAN,BMB,12,KAB. SERDANG BEDAGAI,SUMATERA UTARA,WGS 1984,34
CD01050140,RAMPAH/PAMINGKE,RPH,12,KAB. SERDANG BEDAGAI,SUMATERA UTARA,WGS 1984,35
CD01050140,LIMA PULUH,LMP,12,KAB. BATU BARA,SUMATERA UTARA,WGS 1984,36
CD01050140,SEI BEJANGKAR,SBJ,12,KAB. BATU BARA,SUMATERA UTARA,WGS 1984,37
CD01050140,LAUT TADOR,LTD,12,KAB. BATU BARA,SUMATERA UTARA,WGS 1984,38
CD01050140,MAMBANG MUDA,MBM,12,KAB. LABUHANBATU UTARA,SUMATERA UTARA,WGS 1984,39
CD01050140,MERBAU,MBU,12,KAB. LABUHANBATU UTARA,SUMATERA UTARA,WGS 1984,40
CD01050140,PADANG HALABAN,PHA,12,KAB. LABUHANBATU UTARA,SUMATERA UTARA,WGS 1984,41
CD01050140,BUNGAMAS,BGM,16,KAB. LAHAT,SUMATERA SELATAN,WGS 1984,126
CD01050140,PASAR SENEN,PSE,31,KOTA ADM. JAKARTA PUSAT,DKI JAKARTA,WGS 1984,175
CD01050140,RAJAWALI,RJW,31,KOTA ADM. JAKARTA PUSAT,DKI JAKARTA,WGS 1984,176
CD01050140,TANAH ABANG,THB,31,KOTA ADM. JAKARTA PUSAT,DKI JAKARTA,WGS 1984,177
CD01050140,Gondangdia,GDD,31,KOTA JAKARTA PUSAT,DKI JAKARTA,WGS 1984,178
CD01050140,Juanda,JUA,31,KOTA JAKARTA PUSAT,DKI JAKARTA,WGS 1984,179
CD01050140,Karet,KAT,31,KOTA JAKARTA PUSAT,DKI JAKARTA,WGS 1984,180
CD01050140,Mangga Besar,MGB,31,KOTA JAKARTA PUSAT,DKI JAKARTA,WGS 1984,182
CD01050140,Sawah Besar,SWB/SW,31,KOTA JAKARTA PUSAT,DKI JAKARTA,WGS 1984,183
CD01050140,Sentiong,GST,31,KOTA JAKARTA PUSAT,DKI JAKARTA,WGS 1984,184
CD01050140,Sudirman,SUD,31,KOTA JAKARTA PUSAT,DKI JAKARTA,WGS 1984,185
CD01050140,ANCOL,AC,31,KOTA ADM. JAKARTA UTARA,DKI JAKARTA,WGS 1984,186
CD01050140,JAKARTA GUDANG,JAKG,31,KOTA ADM. JAKARTA UTARA,DKI JAKARTA,WGS 1984,187
CD01050140,TANJUNG PRIOK,TPK,31,KOTA ADM. JAKARTA UTARA,DKI JAKARTA,WGS 1984,188
CD01050140,Kampung Bandan Atas,KPB A,31,KOTA JAKARTA UTARA,DKI JAKARTA,WGS 1984,189
CD01050140,Kampung Bandan Bawah,KPB B,31,KOTA JAKARTA UTARA,DKI JAKARTA,WGS 1984,190
CD01050140,Pasoso,POO,31,KOTA JAKARTA UTARA,DKI JAKARTA,WGS 1984,191
CD01050140,Sungai Lagoa,SAO,31,KOTA JAKARTA UTARA,DKI JAKARTA,WGS 1984,192
CD01050140,ANGKE,AK,31,KOTA ADM. JAKARTA BARAT,DKI JAKARTA,WGS 1984,193
CD01050140,DURI,DU,31,KOTA ADM. JAKARTA BARAT,DKI JAKARTA,WGS 1984,194
CD01050140,JAKARTA KOTA,JAKK,31,KOTA ADM. JAKARTA BARAT,DKI JAKARTA,WGS 1984,195
CD01050140,Bojong Indah,BOI,31,KOTA JAKARTA BARAT,DKI JAKARTA,WGS 1984,196
CD01050140,Grogol,GRG,31,KOTA JAKARTA BARAT,DKI JAKARTA,WGS 1984,197
CD01050140,Jayakarta,JYK/JAY,31,KOTA JAKARTA PUSAT,DKI JAKARTA,WGS 1984,198
CD01050140,Kalideres,KDS,31,KOTA JAKARTA BARAT,DKI JAKARTA,WGS 1984,199
CD01050140,Pesing,PSG,31,KOTA JAKARTA BARAT,DKI JAKARTA,WGS 1984,200
CD01050140,Rawa Buaya,RW,31,KOTA JAKARTA BARAT,DKI JAKARTA,WGS 1984,201
CD01050140,Taman Kota,TKO,31,KOTA JAKARTA BARAT,DKI JAKARTA,WGS 1984,202
CD01050140,KEBAYORAN,KBY,31,KOTA ADM. JAKARTA SELATAN,DKI JAKARTA,WGS 1984,203
CD01050140,MANGGARAI,MRI,31,KOTA ADM. JAKARTA SELATAN,DKI JAKARTA,WGS 1984,204
CD01050140,Cawang,CWG/CW,31,KOTA JAKARTA SELATAN,DKI JAKARTA,WGS 1984,205
CD01050140,Duren Kalibata,DRN,31,KOTA JAKARTA SELATAN,DKI JAKARTA,WGS 1984,206
CD01050140,Lenteng Agung,LTA/LNA,31,KOTA JAKARTA SELATAN,DKI JAKARTA,WGS 1984,207
CD01050140,Pasar Minggu,PSM,31,KOTA JAKARTA SELATAN,DKI JAKARTA,WGS 1984,208
CD01050140,Pasar Minggu Baru,PSMB,31,KOTA JAKARTA SELATAN,DKI JAKARTA,WGS 1984,209
CD01050140,Tanjung Barat,TNT,31,KOTA JAKARTA SELATAN,DKI JAKARTA,WGS 1984,210
CD01050140,Tebet,TEB,31,KOTA JAKARTA SELATAN,DKI JAKARTA,WGS 1984,211
CD01050140,Universitas Pancasila,UP,31,KOTA JAKARTA SELATAN,DKI JAKARTA,WGS 1984,212
CD01050140,BUARAN,BUA,31,KOTA ADM. JAKARTA TIMUR,DKI JAKARTA,WGS 1984,213
,CAKUNG,CUK,31,KOTA ADM. JAKARTA TIMUR,DKI JAKARTA,,214
CD01050140,JATINEGARA,JNG,31,KOTA ADM. JAKARTA TIMUR,DKI JAKARTA,WGS 1984,216
CD01050140,KLENDER,KLD,31,KOTA ADM. JAKARTA TIMUR,DKI JAKARTA,WGS 1984,217
CD01050140,KLENDER BARU,KLDB,31,KOTA ADM. JAKARTA TIMUR,DKI JAKARTA,WGS 1984,218
CD01050140,PONDOK JATI,POK,31,KOTA ADM. JAKARTA TIMUR,DKI JAKARTA,WGS 1984,219
CD01050140,CIBINONG,CBN/CBG,32,KAB. BOGOR,JAWA BARAT,WGS 1984,220
CD01050140,CIGOMBONG,CGB,32,KAB. BOGOR,JAWA BARAT,WGS 1984,221
CD01050140,CILEJIT,CJT,32,KAB. BOGOR,JAWA BARAT,WGS 1984,222
CD01050140,MASENG,MSG,32,KAB. BOGOR,JAWA BARAT,WGS 1984,223
CD01050140,NAMBO,NMO,32,KAB. BOGOR,JAWA BARAT,WGS 1984,224
CD01050140,PARUNG PANJANG,PRP,32,KAB. BOGOR,JAWA BARAT,WGS 1984,225
CD01050140,TENJO,TEJ,32,KAB. BOGOR,JAWA BARAT,WGS 1984,226
CD01050140,Bojong Gede,BJD,32,KAB. BOGOR,JAWA BARAT,WGS 1984,227
CD01050140,Cilebut,CLT,32,KAB. BOGOR,JAWA BARAT,WGS 1984,228
CD01050140,CIBADAK,CBD,32,KAB. SUKABUMI,JAWA BARAT,WGS 1984,232
CD01050140,CICURUG,CCR,32,KAB. SUKABUMI,JAWA BARAT,WGS 1984,233
CD01050140,CISAAT,CSA,32,KAB. SUKABUMI,JAWA BARAT,WGS 1984,235
CD01050140,KARANG TENGAH,KE,32,KAB. SUKABUMI,JAWA BARAT,WGS 1984,237
CD01050140,PARUNG KUDA,PRK,32,KAB. SUKABUMI,JAWA BARAT,WGS 1984,238
CD01050140,CIKAMPEK,CKP,32,KAB. KARAWANG,JAWA BARAT,WGS 1984,310
CD01050140,DAWUAN,DWN,32,KAB. KARAWANG,JAWA BARAT,WGS 1984,311
CD01050140,KARAWANG,KW,32,KAB. KARAWANG,JAWA BARAT,WGS 1984,312
CD01050140,KLARI,KLI,32,KAB. KARAWANG,JAWA BARAT,WGS 1984,313
CD01050140,KOSAMBI,KOS,32,KAB. KARAWANG,JAWA BARAT,WGS 1984,314
CD01050140,TAMBUN,TB,32,KAB. BEKASI,JAWA BARAT,WGS 1984,316
CD01050140,Cibitung,CBT/CIT,32,KAB. BEKASI,JAWA BARAT,WGS 1984,317
CD01050140,Metland Telaga Murni,MTM,32,KAB. BEKASI,JAWA BARAT,WGS 1984,318
CD01050140,KEDUNG GEDEH,KDH,32,KAB. BEKASI,JAWA BARAT,WGS 1984,319
CD01050140,LEMAH ABANG,LMB,32,KAB. BEKASI,JAWA BARAT,WGS 1984,320
CD01050140,BATU TULIS,BTT,32,KOTA BOGOR,JAWA BARAT,WGS 1984,334
CD01050140,BOGOR,BOO,32,KOTA BOGOR,JAWA BARAT,WGS 1984,335
,BOGOR PALEDANG,BOP,32,KOTA BOGOR,JAWA BARAT,,336
CD01050140,Ciomas,CS,32,KOTA BOGOR,JAWA BARAT,WGS 1984,337
CD01050140,SUKABUMI,SI,32,KOTA SUKABUMI,JAWA BARAT,WGS 1984,338
CD01050140,BEKASI,BKS,32,KOTA BEKASI,JAWA BARAT,WGS 1984,350
CD01050140,Kranji,KRI,32,KOTA BEKASI,JAWA BARAT,WGS 1984,351
,MAGETAN,MAG,35,KAB. MAGETAN,JAWA TIMUR,,674
CD01050140,Depok,DP,32,KOTA DEPOK,JAWA BARAT,WGS 1984,352
CD01050140,Depok Baru,DPB,32,KOTA DEPOK,JAWA BARAT,WGS 1984,353
CD01050140,Pondok Cina,POC,32,KOTA DEPOK,JAWA BARAT,WGS 1984,354
CD01050140,Universitas Indonesia,UI,32,KOTA DEPOK,JAWA BARAT,WGS 1984,355
CD01050140,Citayam,CTA,32,KOTA DEPOK,JAWA BARAT,WGS 1984,356
CD01050140,MAJA,MJ,36,KAB. LEBAK,BANTEN,WGS 1984,767
CD01050140,RANGKASBITUNG,RK,36,KAB. LEBAK,BANTEN,WGS 1984,768
CD01050140,Citeras,CTR,36,KAB. LEBAK,BANTEN,WGS 1984,770
CD01050140,Cicayur,CCY/CC,36,KAB. TANGERANG,BANTEN,WGS 1984,771
CD01050140,Cikoya,CKY,36,KAB. TANGERANG,BANTEN,WGS 1984,772
CD01050140,Cisauk,CSK,36,KAB. TANGERANG,BANTEN,WGS 1984,773
CD01050140,Daru,DAR,36,KAB. TANGERANG,BANTEN,WGS 1984,774
CD01050140,Tigaraksa,TGS,36,KAB. TANGERANG,BANTEN,WGS 1984,775
CD01050140,CATANG,CT,36,KAB. SERANG,BANTEN,WGS 1984,776
CD01050140,CIKEUSAL,CKL,36,KAB. SERANG,BANTEN,WGS 1984,777
CD01050140,JAMBU BARU,JBU,36,KAB. SERANG,BANTEN,WGS 1984,778
CD01050140,TONJONG BARU,TOJB/TJB,36,KAB. SERANG,BANTEN,WGS 1984,779
CD01050140,Batuceper,BPR,36,KOTA TANGERANG,BANTEN,WGS 1984,781
CD01050140,Poris,PI,36,KOTA TANGERANG,BANTEN,WGS 1984,782
CD01050140,Tangerang,TNG,36,KOTA TANGERANG,BANTEN,WGS 1984,783
CD01050140,CIGADING,CGD,36,KOTA CILEGON,BANTEN,WGS 1984,784
CD01050140,CILEGON,CLG,36,KOTA CILEGON,BANTEN,WGS 1984,785
CD01050140,KRENCENG,KEN,36,KOTA CILEGON,BANTEN,WGS 1984,786
CD01050140,MERAK,MER,36,KOTA CILEGON,BANTEN,WGS 1984,787
CD01050140,KARANGANTU,KRA,36,KOTA SERANG,BANTEN,WGS 1984,788
CD01050140,SERANG,SG,36,KOTA SERANG,BANTEN,WGS 1984,789
CD01050140,WALANTAKA,WLT,36,KOTA SERANG,BANTEN,WGS 1984,790
CD01050140,PONDOK RANJI,PDJ,36,KOTA TANGERANG SELATAN,BANTEN,WGS 1984,791
CD01050140,SERPONG,SRP,36,KOTA TANGERANG SELATAN,BANTEN,WGS 1984,792
CD01050140,SUDIMARA,SDM,36,KOTA TANGERANG SELATAN,BANTEN,WGS 1984,793
CD01050140,Jurang Mangu,JMU,36,KOTA TANGERANG SELATAN,BANTEN,WGS 1984,794
CD01050140,Rawa Buntu,RU,36,KOTA TANGERANG SELATAN,BANTEN,WGS 1984,795
,Cireungas,CRH/CRG,32,KAB. SUKABUMI,JAWA BARAT,,229
CD01050140,CIREUNGAS,CRG,32,KAB. SUKABUMI,JAWA BARAT,WGS 1984,234
CD01050140,GANDASOLI,GDS,32,KAB. SUKABUMI,JAWA BARAT,WGS 1984,236
CD01050140,CIANJUR,CJ,32,KAB. CIANJUR,JAWA BARAT,WGS 1984,242
CD01050140,CIBEBER,CBB,32,KAB. CIANJUR,JAWA BARAT,WGS 1984,243
CD01050140,CIPEUYEUM,CPY,32,KAB. CIANJUR,JAWA BARAT,WGS 1984,244
CD01050140,CIRANJANG,CRJ,32,KAB. CIANJUR,JAWA BARAT,WGS 1984,245
CD01050140,LAMPEGAN,LP,32,KAB. CIANJUR,JAWA BARAT,WGS 1984,246
CD01050140,CICALENGKA,CCL,32,KAB. BANDUNG,JAWA BARAT,WGS 1984,247
CD01050140,HAURPUGUR,HRP,32,KAB. BANDUNG,JAWA BARAT,WGS 1984,248
CD01050140,NAGREG,NG,32,KAB. BANDUNG,JAWA BARAT,WGS 1984,249
CD01050140,RANCAEKEK,RCK,32,KAB. BANDUNG,JAWA BARAT,WGS 1984,250
CD01050140,Lebak Jero,LBJ,32,KAB. BANDUNG,JAWA BARAT,WGS 1984,252
CD01050140,Bumi Waluya,BMW,32,KAB. GARUT,JAWA BARAT,WGS 1984,255
CD01050140,Warung Bandrek,WB,32,KAB. GARUT,JAWA BARAT,WGS 1984,258
CD01050140,CIBATU,CB,32,KAB. GARUT,JAWA BARAT,WGS 1984,259
CD01050140,CIPEUNDEUY,CPD,32,KAB. GARUT,JAWA BARAT,WGS 1984,260
CD01050140,GARUT,GRT,32,KAB. GARUT,JAWA BARAT,WGS 1984,261
CD01050140,KARANG SARI,KRAI,32,KAB. GARUT,JAWA BARAT,WGS 1984,262
CD01050140,LELES,LL/LE,32,KAB. GARUT,JAWA BARAT,WGS 1984,263
CD01050140,LEUWIGOONG,LO/LWG,32,KAB. GARUT,JAWA BARAT,WGS 1984,264
,PASIRJENGKOL,PSJ,32,KAB. GARUT,JAWA BARAT,,265
,WANARAJA,WNR,32,KAB. GARUT,JAWA BARAT,,266
CD01050140,Cirahayu,CAA,32,KAB. TASIKMALAYA,JAWA BARAT,WGS 1984,267
CD01050140,Manonjaya,MNJ,32,KAB. TASIKMALAYA,JAWA BARAT,WGS 1984,268
CD01050140,Rajapolah,RJP,32,KAB. TASIKMALAYA,JAWA BARAT,WGS 1984,270
CD01050140,CIAWI,CAW,32,KAB. TASIKMALAYA,JAWA BARAT,WGS 1984,271
CD01050140,Bojong,BJG,32,KAB. CIAMIS,JAWA BARAT,WGS 1984,272
CD01050140,CIAMIS,CI,32,KAB. CIAMIS,JAWA BARAT,WGS 1984,273
CD01050140,CIBUNGUR,CBR,32,KAB. PURWAKARTA,JAWA BARAT,WGS 1984,303
CD01050140,CIGANEA,CA,32,KAB. PURWAKARTA,JAWA BARAT,WGS 1984,304
CD01050140,PLERED,PLD,32,KAB. PURWAKARTA,JAWA BARAT,WGS 1984,305
CD01050140,PURWAKARTA,PWK,32,KAB. PURWAKARTA,JAWA BARAT,WGS 1984,306
CD01050140,SUKATANI,SUT,32,KAB. PURWAKARTA,JAWA BARAT,WGS 1984,307
CD01050140,Tagog Apu,TAU,32,KAB. BANDUNG BARAT,JAWA BARAT,WGS 1984,322
CD01050140,CIKADONGDONG,CD,32,KAB. BANDUNG BARAT,JAWA BARAT,WGS 1984,323
CD01050140,CILAME,CLE,32,KAB. BANDUNG BARAT,JAWA BARAT,WGS 1984,324
CD01050140,CIPATAT,CPT,32,KAB. BANDUNG BARAT,JAWA BARAT,WGS 1984,325
CD01050140,GADOBANGKONG,GK,32,KAB. BANDUNG BARAT,JAWA BARAT,WGS 1984,326
CD01050140,MASWATI,MSI,32,KAB. BANDUNG BARAT,JAWA BARAT,WGS 1984,327
CD01050140,PADALARANG,PDL,32,KAB. BANDUNG BARAT,JAWA BARAT,WGS 1984,328
CD01050140,RENDEH,RH,32,KAB. BANDUNG BARAT,JAWA BARAT,WGS 1984,329
CD01050140,SASAKSAAT,SKT,32,KAB. BANDUNG BARAT,JAWA BARAT,WGS 1984,330
CD01050140,Andir,AND,32,KOTA BANDUNG,JAWA BARAT,WGS 1984,339
CD01050140,BANDUNG,BD,32,KOTA BANDUNG,JAWA BARAT,WGS 1984,340
CD01050140,CIKUDAPATEUH,CTH,32,KOTA BANDUNG,JAWA BARAT,WGS 1984,341
CD01050140,CIMEKAR,CMK,32,KOTA BANDUNG,JAWA BARAT,WGS 1984,342
CD01050140,CIMINDI,CMD,32,KOTA BANDUNG,JAWA BARAT,WGS 1984,343
CD01050140,CIROYOM,CIR,32,KOTA BANDUNG,JAWA BARAT,WGS 1984,344
CD01050140,GEDEBAGE,GDB,32,KOTA BANDUNG,JAWA BARAT,WGS 1984,345
CD01050140,KIARA CONDONG,KAC,32,KOTA BANDUNG,JAWA BARAT,WGS 1984,346
CD01050140,CIMAHI,CMI,32,KOTA CIMAHI,JAWA BARAT,WGS 1984,357
CD01050140,Awipari,AW,32,KOTA TASIKMALAYA,JAWA BARAT,WGS 1984,358
CD01050140,Indihiang,IH,32,KOTA TASIKMALAYA,JAWA BARAT,WGS 1984,359
CD01050140,TASIKMALAYA,TSM,32,KOTA TASIKMALAYA,JAWA BARAT,WGS 1984,360
CD01050140,BANJAR,BJR,32,KOTA BANJAR,JAWA BARAT,WGS 1984,362
CD01050140,Karangpucung,KNP,32,KOTA BANJAR,JAWA BARAT,WGS 1984,363
CD01050140,ARJAWINANGUN,AWN,32,KAB. CIREBON,JAWA BARAT,WGS 1984,274
CD01050140,BABAKAN,BBK,32,KAB. CIREBON,JAWA BARAT,WGS 1984,275
CD01050140,CILEDUG,CLD,32,KAB. CIREBON,JAWA BARAT,WGS 1984,276
CD01050140,LOSARI,LOS,32,KAB. CIREBON,JAWA BARAT,WGS 1984,277
CD01050140,Bangoduwa,BDW,32,KAB. CIREBON,JAWA BARAT,WGS 1984,278
CD01050140,Cangkring,CNK,32,KAB. CIREBON,JAWA BARAT,WGS 1984,279
CD01050140,Karang Suwung,KRW,32,KAB. CIREBON,JAWA BARAT,WGS 1984,281
CD01050140,Luwung,LWG,32,KAB. CIREBON,JAWA BARAT,WGS 1984,282
CD01050140,Sindang Laut,SDU,32,KAB. CIREBON,JAWA BARAT,WGS 1984,283
CD01050140,Waruduwur,WDW,32,KAB. CIREBON,JAWA BARAT,WGS 1984,284
CD01050140,Cilegeh,CLH,32,KAB. INDRAMAYU,JAWA BARAT,WGS 1984,287
CD01050140,Kadokangabus,KAB,32,KAB. INDRAMAYU,JAWA BARAT,WGS 1984,288
CD01050140,Kertasemaya,KTM,32,KAB. INDRAMAYU,JAWA BARAT,WGS 1984,291
CD01050140,Telagasari,TLS,32,KAB. INDRAMAYU,JAWA BARAT,WGS 1984,292
CD01050140,HAURGEULIS,HGL,32,KAB. INDRAMAYU,JAWA BARAT,WGS 1984,293
CD01050140,JATIBARANG,JTB,32,KAB. INDRAMAYU,JAWA BARAT,WGS 1984,294
CD01050140,TERISI,TIS,32,KAB. INDRAMAYU,JAWA BARAT,WGS 1984,295
CD01050140,PAGADEN BARU,PGB,32,KAB. SUBANG,JAWA BARAT,WGS 1984,296
CD01050140,Cikaum,CKM,32,KAB. SUBANG,JAWA BARAT,WGS 1984,297
CD01050140,Cipunegara,CRA,32,KAB. SUBANG,JAWA BARAT,WGS 1984,298
CD01050140,Pabuaran,PAB,32,KAB. SUBANG,JAWA BARAT,WGS 1984,299
CD01050140,Pasirbungur,PAS,32,KAB. SUBANG,JAWA BARAT,WGS 1984,300
CD01050140,Pringkasap,PRI,32,KAB. SUBANG,JAWA BARAT,WGS 1984,301
CD01050140,Tanjungrasa,TJS,32,KAB. SUBANG,JAWA BARAT,WGS 1984,302
CD01050140,CIREBON,CN,32,KOTA CIREBON,JAWA BARAT,WGS 1984,348
CD01050140,CIREBON PRUJAKAN,CNP,32,KOTA CIREBON,JAWA BARAT,WGS 1984,349
CD01050140,Larangan,LRA,33,KAB. BREBES,JAWA TENGAH,WGS 1984,513
CD01050140,Songgom,SGG,33,KAB. BREBES,JAWA TENGAH,WGS 1984,516
CD01050140,BREBES,BB,33,KAB. BREBES,JAWA TENGAH,WGS 1984,517
CD01050140,KETANGGUNGAN,KGG,33,KAB. BREBES,JAWA TENGAH,WGS 1984,519
CD01050140,TANJUNG,TGN,33,KAB. BREBES,JAWA TENGAH,WGS 1984,520
CD01050140,TELAWA,TW,33,KAB. BOYOLALI,JAWA TENGAH,WGS 1984,416
CD01050140,Goprak,GPK,33,KAB. GROBOGAN,JAWA TENGAH,WGS 1984,439
CD01050140,Padas,PDS,33,KAB. GROBOGAN,JAWA TENGAH,WGS 1984,440
CD01050140,Panunggalan,PNL,33,KAB. GROBOGAN,JAWA TENGAH,WGS 1984,441
CD01050140,Sulur,SL,33,KAB. GROBOGAN,JAWA TENGAH,WGS 1984,444
CD01050140,Tanggung,TGG,33,KAB. GROBOGAN,JAWA TENGAH,WGS 1984,445
CD01050140,Tegowanu,TGW,33,KAB. GROBOGAN,JAWA TENGAH,WGS 1984,446
CD01050140,GAMBRINGAN,GBN,33,KAB. GROBOGAN,JAWA TENGAH,WGS 1984,448
CD01050140,GUBUG,GUB,33,KAB. GROBOGAN,JAWA TENGAH,WGS 1984,449
CD01050140,GUNDIH,GD,33,KAB. GROBOGAN,JAWA TENGAH,WGS 1984,450
CD01050140,JAMBON,JBN,33,KAB. GROBOGAN,JAWA TENGAH,WGS 1984,451
CD01050140,KARANGJATI,KGT,33,KAB. GROBOGAN,JAWA TENGAH,WGS 1984,452
CD01050140,KARANGSONO,KSO,33,KAB. GROBOGAN,JAWA TENGAH,WGS 1984,453
CD01050140,KEDUNG JATI,KEJ,33,KAB. GROBOGAN,JAWA TENGAH,WGS 1984,454
CD01050140,KRADENAN,KNN,33,KAB. GROBOGAN,JAWA TENGAH,WGS 1984,455
CD01050140,NGROMBO,NBO,33,KAB. GROBOGAN,JAWA TENGAH,WGS 1984,456
CD01050140,SEDADI,SDI,33,KAB. GROBOGAN,JAWA TENGAH,WGS 1984,457
CD01050140,Kapuan,KPA,33,KAB. BLORA,JAWA TENGAH,WGS 1984,459
CD01050140,CEPU,CU,33,KAB. BLORA,JAWA TENGAH,WGS 1984,462
CD01050140,DOPLANG,DPL,33,KAB. BLORA,JAWA TENGAH,WGS 1984,463
CD01050140,RANDU BLATUNG,RBG,33,KAB. BLORA,JAWA TENGAH,WGS 1984,464
CD01050140,WADU,WDU,33,KAB. BLORA,JAWA TENGAH,WGS 1984,465
CD01050140,BRUMBUNG,BBG,33,KAB. DEMAK,JAWA TENGAH,WGS 1984,483
CD01050140,AMBARAWA,ABR,33,KAB. SEMARANG,JAWA TENGAH,WGS 1984,484
CD01050140,KALIWUNGU,KLN,33,KAB. KENDAL,JAWA TENGAH,WGS 1984,491
CD01050140,WELERI,WLR,33,KAB. KENDAL,JAWA TENGAH,WGS 1984,492
CD01050140,Kalibodri,KBD,33,KAB. KENDAL,JAWA TENGAH,WGS 1984,494
CD01050140,Kerengseng,KNS,33,KAB. BATANG,JAWA TENGAH,WGS 1984,496
CD01050140,Kuripan,KRP,33,KAB. BATANG,JAWA TENGAH,WGS 1984,497
CD01050140,Plabuan,PLB,33,KAB. BATANG,JAWA TENGAH,WGS 1984,498
CD01050140,Ujungnegoro,UJN,33,KAB. BATANG,JAWA TENGAH,WGS 1984,499
CD01050140,BATANG,BTG,33,KAB. BATANG,JAWA TENGAH,WGS 1984,500
CD01050140,Sragi,SRI,33,KAB. PEKALONGAN,JAWA TENGAH,WGS 1984,501
CD01050140,PEMALANG,PML,33,KAB. PEMALANG,JAWA TENGAH,WGS 1984,503
CD01050140,Comal,CO,33,KAB. PEMALANG,JAWA TENGAH,WGS 1984,504
CD01050140,Petarukan,PTA,33,KAB. PEMALANG,JAWA TENGAH,WGS 1984,505
CD01050140,Larangan (Tegal),LR,33,KAB. TEGAL,JAWA TENGAH,WGS 1984,508
CD01050140,Suradadi,SD,33,KAB. TEGAL,JAWA TENGAH,WGS 1984,509
CD01050140,ALASTUA,ATA,33,KOTA SEMARANG,JAWA TENGAH,WGS 1984,526
CD01050140,SEMARANG PONCOL,SMC,33,KOTA SEMARANG,JAWA TENGAH,WGS 1984,527
CD01050140,SEMARANG TAWANG,SMT,33,KOTA SEMARANG,JAWA TENGAH,WGS 1984,528
CD01050140,Jerakah,JRK,33,KOTA SEMARANG,JAWA TENGAH,WGS 1984,530
CD01050140,Mangkang,MKG,33,KOTA SEMARANG,JAWA TENGAH,WGS 1984,533
CD01050140,PEKALONGAN,PK,33,KOTA PEKALONGAN,JAWA TENGAH,WGS 1984,534
CD01050140,TEGAL,TG,33,KOTA TEGAL,JAWA TENGAH,WGS 1984,535
CD01050140,Langen,LN,32,KOTA BANJAR,JAWA BARAT,WGS 1984,364
CD01050140,Cipari,CPI,33,KAB. CILACAP,JAWA TENGAH,WGS 1984,365
CD01050140,Karang Kandri,KKD,33,KAB. CILACAP,JAWA TENGAH,WGS 1984,366
CD01050140,Kasugihan,KH,33,KAB. CILACAP,JAWA TENGAH,WGS 1984,367
CD01050140,Kawunganten,KWG,33,KAB. CILACAP,JAWA TENGAH,WGS 1984,368
CD01050140,Lebeng,LBG,33,KAB. CILACAP,JAWA TENGAH,WGS 1984,369
CD01050140,Meluwung,MLW,33,KAB. CILACAP,JAWA TENGAH,WGS 1984,370
CD01050140,Randegan,RDN,33,KAB. CILACAP,JAWA TENGAH,WGS 1984,371
CD01050140,Sikampuh,SKP,33,KAB. CILACAP,JAWA TENGAH,WGS 1984,372
CD01050140,CILACAP,CP,33,KAB. CILACAP,JAWA TENGAH,WGS 1984,373
CD01050140,GANDRUNG MANGUN,GDM,33,KAB. CILACAP,JAWA TENGAH,WGS 1984,374
CD01050140,GUMILIR,GM,33,KAB. CILACAP,JAWA TENGAH,WGS 1984,375
CD01050140,JERUKLEGI,JRL,33,KAB. CILACAP,JAWA TENGAH,WGS 1984,376
CD01050140,KROYA,KYA,33,KAB. CILACAP,JAWA TENGAH,WGS 1984,377
CD01050140,MAOS,MA,33,KAB. CILACAP,JAWA TENGAH,WGS 1984,378
CD01050140,SIDAREJA,SDR,33,KAB. CILACAP,JAWA TENGAH,WGS 1984,379
CD01050140,Karang Gandul,KGD,33,KAB. BANYUMAS,JAWA TENGAH,WGS 1984,380
CD01050140,Kebasen,KBS,33,KAB. BANYUMAS,JAWA TENGAH,WGS 1984,381
CD01050140,Kemranjen,KJ,33,KAB. BANYUMAS,JAWA TENGAH,WGS 1984,383
CD01050140,Notog,NTG,33,KAB. BANYUMAS,JAWA TENGAH,WGS 1984,385
CD01050140,Tambak,TBK,33,KAB. BANYUMAS,JAWA TENGAH,WGS 1984,389
CD01050140,PURWOKERTO,PWT,33,KAB. BANYUMAS,JAWA TENGAH,WGS 1984,390
CD01050140,SUMPIUH,SPH,33,KAB. BANYUMAS,JAWA TENGAH,WGS 1984,391
CD01050140,Karang Sari,KRR,33,KAB. BANYUMAS,JAWA TENGAH,WGS 1984,393
CD01050140,GOMBONG,GB,33,KAB. KEBUMEN,JAWA TENGAH,WGS 1984,396
CD01050140,KARANGANYAR,KA,33,KAB. KEBUMEN,JAWA TENGAH,WGS 1984,397
CD01050140,KEBUMEN,KM,33,KAB. KEBUMEN,JAWA TENGAH,WGS 1984,398
CD01050140,KUTOWINANGUN,KWN,33,KAB. KEBUMEN,JAWA TENGAH,WGS 1984,399
CD01050140,Ijo,IJ,33,KAB. KEBUMEN,JAWA TENGAH,WGS 1984,400
CD01050140,Sruweng,SRW,33,KAB. KEBUMEN,JAWA TENGAH,WGS 1984,402
CD01050140,Prembun,PRB,33,KAB. KEBUMEN,JAWA TENGAH,WGS 1984,403
CD01050140,WONOSARI,WNS,33,KAB. KEBUMEN,JAWA TENGAH,WGS 1984,404
CD01050140,Butuh,BTH,33,KAB. PURWOREJO,JAWA TENGAH,WGS 1984,405
CD01050140,KUTOARJO,KTA,33,KAB. PURWOREJO,JAWA TENGAH,WGS 1984,407
CD01050140,PRUPUK,PPK,33,KAB. TEGAL,JAWA TENGAH,WGS 1984,506
,SLAWI,SLW,33,KAB. TEGAL,JAWA TENGAH,,507
CD01050140,Kretek,KRT,33,KAB. BREBES,JAWA TENGAH,WGS 1984,512
CD01050140,Linggapura,LG,33,KAB. BREBES,JAWA TENGAH,WGS 1984,514
CD01050140,Patuguran,PAT,33,KAB. BREBES,JAWA TENGAH,WGS 1984,515
CD01050140,BUMIAYU,BMA,33,KAB. BREBES,JAWA TENGAH,WGS 1984,518
CD01050140,Kebon Romo,KRO,33,KAB. SRAGEN,JAWA TENGAH,WGS 1984,382
CD01050140,JENAR,JN,33,KAB. PURWOREJO,JAWA TENGAH,WGS 1984,406
CD01050140,WOJO,WJ,33,KAB. PURWOREJO,JAWA TENGAH,WGS 1984,408
,ADI SOEMARMO,SMO,33,KAB. BOYOLALI,JAWA TENGAH,,415
CD01050140,KLATEN,KT,33,KAB. KLATEN,JAWA TENGAH,WGS 1984,417
CD01050140,Ceper,CE,33,KAB. KLATEN,JAWA TENGAH,WGS 1984,418
CD01050140,Delanggu,DL,33,KAB. KLATEN,JAWA TENGAH,WGS 1984,419
CD01050140,Srowot,SWT,33,KAB. KLATEN,JAWA TENGAH,WGS 1984,420
CD01050140,BRAMBANAN,BBN,33,KAB. KLATEN,JAWA TENGAH,WGS 1984,421
,KLATEN,KT,33,KAB. KLATEN,JAWA TENGAH,,422
CD01050140,PASAR NGUTER,PNT,33,KAB. SUKOHARJO,JAWA TENGAH,WGS 1984,423
CD01050140,SUKOHARJO,SKH,33,KAB. SUKOHARJO,JAWA TENGAH,WGS 1984,424
CD01050140,Gawok,GW,33,KAB. SUKOHARJO,JAWA TENGAH,WGS 1984,425
CD01050140,WONOGIRI,WNG,33,KAB. WONOGIRI,JAWA TENGAH,WGS 1984,428
CD01050140,Kalioso,KO,33,KAB. KARANGANYAR,JAWA TENGAH,WGS 1984,430
CD01050140,Kemiri,KMR,33,KAB. KARANGANYAR,JAWA TENGAH,WGS 1984,431
CD01050140,Palur,PL,33,KAB. KARANGANYAR,JAWA TENGAH,WGS 1984,432
CD01050140,SALEM,SLM,33,KAB. SRAGEN,JAWA TENGAH,WGS 1984,433
CD01050140,SRAGEN,SR,33,KAB. SRAGEN,JAWA TENGAH,WGS 1984,434
CD01050140,Kedungbanteng,KDB,33,KAB. SRAGEN,JAWA TENGAH,WGS 1984,435
CD01050140,Masaran,MSR,33,KAB. SRAGEN,JAWA TENGAH,WGS 1984,436
CD01050140,Sumber Lawang,SUM,33,KAB. SRAGEN,JAWA TENGAH,WGS 1984,437
,KADIPIRO,KDO,33,KOTA SURAKARTA,JAWA TENGAH,,522
CD01050140,PURWOSARI,PWS,33,KOTA SURAKARTA,JAWA TENGAH,WGS 1984,523
CD01050140,SOLO JEBRES,SK,33,KOTA SURAKARTA,JAWA TENGAH,WGS 1984,524
CD01050140,SOLO BALAPAN,SLO,33,KOTA SURAKARTA,JAWA TENGAH,WGS 1984,525
CD01050140,KEDUNDANG,KDG,34,KAB. KULON PROGO,DI YOGYAKARTA,WGS 1984,536
,YOGYAKARTA INTERNATIONAL AIRPORT,YIA,34,KAB. KULON PROGO,DI YOGYAKARTA,,537
CD01050140,Sentolo,STL,34,KAB. KULON PROGO,DI YOGYAKARTA,WGS 1984,538
CD01050140,WATES,WT,34,KAB. KULON PROGO,DI YOGYAKARTA,WGS 1984,540
CD01050140,Rewulu,RWL,34,KAB. BANTUL,DI YOGYAKARTA,WGS 1984,543
CD01050140,Patukan,PTN,34,KAB. SLEMAN,DI YOGYAKARTA,WGS 1984,546
CD01050140,MAGUWO,MGW,34,KAB. SLEMAN,DI YOGYAKARTA,WGS 1984,547
CD01050140,LEMPUYANGAN,LPN,34,KOTA YOGYAKARTA,DI YOGYAKARTA,WGS 1984,548
CD01050140,TUGU,YK,34,KOTA YOGYAKARTA,DI YOGYAKARTA,WGS 1984,551
CD01050140,NGUJANG,NJG,35,KAB. TULUNGAGUNG,JAWA TIMUR,WGS 1984,558
CD01050140,NGUNUT,NT,35,KAB. TULUNGAGUNG,JAWA TIMUR,WGS 1984,559
CD01050140,REJO TANGAN,RJ,35,KAB. TULUNGAGUNG,JAWA TIMUR,WGS 1984,560
CD01050140,SUMBER GEMPOL,SBL,35,KAB. TULUNGAGUNG,JAWA TIMUR,WGS 1984,561
CD01050140,TULUNGAGUNG,TA,35,KAB. TULUNGAGUNG,JAWA TIMUR,WGS 1984,562
CD01050140,CURAHMALANG,CRM,35,KAB. JOMBANG,JAWA TIMUR,WGS 1984,658
CD01050140,JOMBANG,JG,35,KAB. JOMBANG,JAWA TIMUR,WGS 1984,659
CD01050140,PETERONGAN,PTR,35,KAB. JOMBANG,JAWA TIMUR,WGS 1984,660
CD01050140,SEMBUNG,SMB,35,KAB. JOMBANG,JAWA TIMUR,WGS 1984,661
CD01050140,SUMOBITO,SBO,35,KAB. JOMBANG,JAWA TIMUR,WGS 1984,662
CD01050140,BARON,BRN,35,KAB. NGANJUK,JAWA TIMUR,WGS 1984,668
CD01050140,KERTOSONO,KTS,35,KAB. NGANJUK,JAWA TIMUR,WGS 1984,669
CD01050140,NGANJUK,NJ,35,KAB. NGANJUK,JAWA TIMUR,WGS 1984,670
CD01050140,SUKOMORO,SKM,35,KAB. NGANJUK,JAWA TIMUR,WGS 1984,671
CD01050140,WILANGAN,WLG,35,KAB. NGANJUK,JAWA TIMUR,WGS 1984,672
CD01050140,BARAT,BAT,35,KAB. MAGETAN,JAWA TIMUR,WGS 1984,673
CD01050140,GENENG,GG,35,KAB. NGAWI,JAWA TIMUR,WGS 1984,675
CD01050140,KEDUNG GALAR,KG,35,KAB. NGAWI,JAWA TIMUR,WGS 1984,676
,NGAWI,NGW,35,KAB. NGAWI,JAWA TIMUR,,677
CD01050140,PARON,PA,35,KAB. NGAWI,JAWA TIMUR,WGS 1984,678
CD01050140,WALIKUKUN,WK,35,KAB. NGAWI,JAWA TIMUR,WGS 1984,679
CD01050140,KEDIRI,KD,35,KOTA KEDIRI,JAWA TIMUR,WGS 1984,714
CD01050140,KRASS,KRS,35,KOTA KEDIRI,JAWA TIMUR,WGS 1984,715
CD01050140,MINGGIRAN,MGN,35,KOTA KEDIRI,JAWA TIMUR,WGS 1984,716
CD01050140,NGADILUWIH,NDL,35,KOTA KEDIRI,JAWA TIMUR,WGS 1984,717
CD01050140,PAPAR,PPR,35,KOTA KEDIRI,JAWA TIMUR,WGS 1984,718
CD01050140,PURWOASRI,PWA,35,KOTA KEDIRI,JAWA TIMUR,WGS 1984,719
CD01050140,SUSUHAN,SS,35,KOTA KEDIRI,JAWA TIMUR,WGS 1984,720
CD01050140,BLITAR,BL,35,KOTA BLITAR,JAWA TIMUR,WGS 1984,722
CD01050140,GARUM,GRM,35,KOTA BLITAR,JAWA TIMUR,WGS 1984,723
CD01050140,TALUN,TAL,35,KOTA BLITAR,JAWA TIMUR,WGS 1984,726
CD01050140,BABADAN,BBD,35,KOTA MADIUN,JAWA TIMUR,WGS 1984,745
CD01050140,BAGOR,BGR,35,KOTA MADIUN,JAWA TIMUR,WGS 1984,746
CD01050140,CARUBAN,CRB,35,KOTA MADIUN,JAWA TIMUR,WGS 1984,747
CD01050140,MADIUN,MN,35,KOTA MADIUN,JAWA TIMUR,WGS 1984,748
CD01050140,SARADAN,SRD,35,KOTA MADIUN,JAWA TIMUR,WGS 1984,749
CD01050140,BOHARAN,BH,35,KAB. SIDOARJO,JAWA TIMUR,WGS 1984,636
CD01050140,GEDANGAN,GDG,35,KAB. SIDOARJO,JAWA TIMUR,WGS 1984,638
CD01050140,KEDINDING,KDN,35,KAB. SIDOARJO,JAWA TIMUR,WGS 1984,639
CD01050140,KRIAN,KRN,35,KAB. SIDOARJO,JAWA TIMUR,WGS 1984,640
CD01050140,PORONG,PR,35,KAB. SIDOARJO,JAWA TIMUR,WGS 1984,642
CD01050140,SEPANJANG,SPJ,35,KAB. SIDOARJO,JAWA TIMUR,WGS 1984,644
CD01050140,SIDOARJO,SDA,35,KAB. SIDOARJO,JAWA TIMUR,WGS 1984,645
CD01050140,TANGGULANGIN,TGA,35,KAB. SIDOARJO,JAWA TIMUR,WGS 1984,646
CD01050140,TARIK,TRK,35,KAB. SIDOARJO,JAWA TIMUR,WGS 1984,647
CD01050140,TULANGAN,TLN,35,KAB. SIDOARJO,JAWA TIMUR,WGS 1984,648
CD01050140,WARU,WR,35,KAB. SIDOARJO,JAWA TIMUR,WGS 1984,649
CD01050140,BOJONEGORO,BJ,35,KAB. BOJONEGORO,JAWA TIMUR,WGS 1984,680
CD01050140,BOWERNO,BWO,35,KAB. BOJONEGORO,JAWA TIMUR,WGS 1984,681
CD01050140,KALITIDU,KIT,35,KAB. BOJONEGORO,JAWA TIMUR,WGS 1984,682
CD01050140,KAPAS,KPS,35,KAB. BOJONEGORO,JAWA TIMUR,WGS 1984,683
CD01050140,SUMBEREJO,SRJ,35,KAB. BOJONEGORO,JAWA TIMUR,WGS 1984,684
CD01050140,TOBO,TBO,35,KAB. BOJONEGORO,JAWA TIMUR,WGS 1984,685
CD01050140,Sroyo,SYO,35,KAB. BOJONEGORO,JAWA TIMUR,WGS 1984,686
CD01050140,Tuban,TBN,35,KAB. TUBAN,JAWA TIMUR,WGS 1984,690
CD01050140,BABAT,BBT,35,KAB. LAMONGAN,JAWA TIMUR,WGS 1984,691
CD01050140,GEMBONG,GEB,35,KAB. LAMONGAN,JAWA TIMUR,WGS 1984,692
CD01050140,LAMONGAN,LMG,35,KAB. LAMONGAN,JAWA TIMUR,WGS 1984,693
CD01050140,PUCUK,PC,35,KAB. LAMONGAN,JAWA TIMUR,WGS 1984,694
CD01050140,SUMLARAN,SLR,35,KAB. LAMONGAN,JAWA TIMUR,WGS 1984,695
CD01050140,Kruwul,KWL,35,KAB. LAMONGAN,JAWA TIMUR,WGS 1984,698
CD01050140,CERME,CME,35,KAB. GRESIK,JAWA TIMUR,WGS 1984,700
CD01050140,DUDUK,DD,35,KAB. GRESIK,JAWA TIMUR,WGS 1984,701
,INDRO,IDO,35,KAB. GRESIK,JAWA TIMUR,,702
CD01050140,Pandanan,PDN,35,KAB. GRESIK,JAWA TIMUR,WGS 1984,704
CD01050140,KESAMBEN,KSB,35,KOTA BLITAR,JAWA TIMUR,WGS 1984,724
CD01050140,POHGAJIH,PGJ,35,KOTA BLITAR,JAWA TIMUR,WGS 1984,725
CD01050140,WLINGI,WG,35,KOTA BLITAR,JAWA TIMUR,WGS 1984,727
CD01050140,BLIMBING,BMG,35,KOTA MALANG,JAWA TIMUR,WGS 1984,728
CD01050140,KEPANJEN,KPN,35,KOTA MALANG,JAWA TIMUR,WGS 1984,729
CD01050140,LAWANG,LW,35,KOTA MALANG,JAWA TIMUR,WGS 1984,730
CD01050140,MALANG,ML,35,KOTA MALANG,JAWA TIMUR,WGS 1984,731
CD01050140,MALANG KOTA LAMA,MLK,35,KOTA MALANG,JAWA TIMUR,WGS 1984,732
CD01050140,NGEBRUK,NB,35,KOTA MALANG,JAWA TIMUR,WGS 1984,733
CD01050140,PAKISAJI,PSI,35,KOTA MALANG,JAWA TIMUR,WGS 1984,734
CD01050140,SINGOSARI,SGS,35,KOTA MALANG,JAWA TIMUR,WGS 1984,735
CD01050140,SUMBER PUCUNG,SBP,35,KOTA MALANG,JAWA TIMUR,WGS 1984,736
CD01050140,BANGIL,BG,35,KOTA PASURUAN,JAWA TIMUR,WGS 1984,737
CD01050140,SENGON,SN,35,KOTA PASURUAN,JAWA TIMUR,WGS 1984,741
CD01050140,SUKOREJO,SKJ,35,KOTA PASURUAN,JAWA TIMUR,WGS 1984,742
CD01050140,WONOKERTO,WN,35,KOTA PASURUAN,JAWA TIMUR,WGS 1984,743
CD01050140,MOJOKERTO,MR,35,KOTA MOJOKERTO,JAWA TIMUR,WGS 1984,744
CD01050140,BENOWO,BNW,35,KOTA SURABAYA,JAWA TIMUR,WGS 1984,750
CD01050140,BENTENG,BET,35,KOTA SURABAYA,JAWA TIMUR,WGS 1984,751
CD01050140,JEMURSARI,JMS,35,KOTA SURABAYA,JAWA TIMUR,WGS 1984,752
CD01050140,KALIMAS,KLM,35,KOTA SURABAYA,JAWA TIMUR,WGS 1984,753
CD01050140,KANDANGAN,KDA,35,KOTA SURABAYA,JAWA TIMUR,WGS 1984,754
CD01050140,KERTOMENANGGAL,KTL,35,KOTA SURABAYA,JAWA TIMUR,WGS 1984,755
CD01050140,MARGOREJO,MGR,35,KOTA SURABAYA,JAWA TIMUR,WGS 1984,756
CD01050140,NGAGEL,NGA,35,KOTA SURABAYA,JAWA TIMUR,WGS 1984,757
CD01050140,SURABAYA GUBENG,SGU,35,KOTA SURABAYA,JAWA TIMUR,WGS 1984,758
CD01050140,SURABAYA GUBENGX,SGUX,35,KOTA SURABAYA,JAWA TIMUR,WGS 1984,759
CD01050140,SURABAYA KOTA,SB,35,KOTA SURABAYA,JAWA TIMUR,WGS 1984,760
CD01050140,SURABAYA PASAR TURI,SBI,35,KOTA SURABAYA,JAWA TIMUR,WGS 1984,761
CD01050140,TANDES,TES,35,KOTA SURABAYA,JAWA TIMUR,WGS 1984,762
CD01050140,WONOKROMO,WO,35,KOTA SURABAYA,JAWA TIMUR,WGS 1984,763
CD01050140,Sidotopo,SDT,35,KOTA SURABAYA,JAWA TIMUR,WGS 1984,764
CD01050140,CIKINI,CKI,31,KOTA ADM. JAKARTA PUSAT,DKI JAKARTA,WGS 1984,170
CD01050140,GAMBIR,GMR,31,KOTA ADM. JAKARTA PUSAT,DKI JAKARTA,WGS 1984,171
CD01050140,KEMAYORAN,KMO,31,KOTA ADM. JAKARTA PUSAT,DKI JAKARTA,WGS 1984,172
CD01050140,KRAMAT,KMT,31,KOTA ADM. JAKARTA PUSAT,DKI JAKARTA,WGS 1984,173
CD01050140,PALMERAH,PLM,31,KOTA ADM. JAKARTA PUSAT,DKI JAKARTA,WGS 1984,174
CD01050140,JATIROTO,JTR,35,KAB. LUMAJANG,JAWA TIMUR,WGS 1984,575
CD01050140,KLAKAH,KK,35,KAB. LUMAJANG,JAWA TIMUR,WGS 1984,576
CD01050140,RANUYOSO,RN,35,KAB. LUMAJANG,JAWA TIMUR,WGS 1984,577
CD01050140,Randuangung,RDA,35,KAB. LUMAJANG,JAWA TIMUR,WGS 1984,580
CD01050140,ARJASA,AJ,35,KAB. JEMBER,JAWA TIMUR,WGS 1984,581
CD01050140,BANGSALSARI,BSS,35,KAB. JEMBER,JAWA TIMUR,WGS 1984,582
CD01050140,GARAHAN,GRN,35,KAB. JEMBER,JAWA TIMUR,WGS 1984,583
CD01050140,JEMBER,JR,35,KAB. JEMBER,JAWA TIMUR,WGS 1984,584
CD01050140,KALISAT,KLT,35,KAB. JEMBER,JAWA TIMUR,WGS 1984,585
CD01050140,LEDOKOMBO,LDO,35,KAB. JEMBER,JAWA TIMUR,WGS 1984,586
CD01050140,RAMBIPUJI,RBP,35,KAB. JEMBER,JAWA TIMUR,WGS 1984,587
CD01050140,TANGGUL,TGL,35,KAB. JEMBER,JAWA TIMUR,WGS 1984,588
CD01050140,Kotok,KTK,35,KAB. JEMBER,JAWA TIMUR,WGS 1984,593
CD01050140,Mangli,MI,35,KAB. JEMBER,JAWA TIMUR,WGS 1984,594
CD01050140,Mrawan,MRW,35,KAB. JEMBER,JAWA TIMUR,WGS 1984,595
CD01050140,Sempolan,SPL,35,KAB. JEMBER,JAWA TIMUR,WGS 1984,597
CD01050140,CIKARANG,CKR,32,KAB. BEKASI,JAWA BARAT,WGS 1984,315
,LUBUK BUAYA,LBY,13,KOTA PADANG,SUMATERA BARAT,,79
,TARAHAN,THN,18,KOTA BANDAR LAMPUNG,LAMPUNG,,150
,Singaparna,,35,KAB. SIDOARJO,JAWA TIMUR,,651
CD01050140,Lumujang,LM,35,KAB. LUMAJANG,JAWA TIMUR,WGS 1984,578
CD01050140,ARGOPURO,AGO,35,KAB. BANYUWANGI,JAWA TIMUR,WGS 1984,600
CD01050140,BANYUWANGI KOTA,BWI,35,KAB. BANYUWANGI,JAWA TIMUR,WGS 1984,601
CD01050140,BANYUWANGI BARU (KETAPANG),BW (KTG),35,KAB. BANYUWANGI,JAWA TIMUR,WGS 1984,602
CD01050140,GLENMORE,GLM,35,KAB. BANYUWANGI,JAWA TIMUR,WGS 1984,603
CD01050140,KALIBARU,KBR,35,KAB. BANYUWANGI,JAWA TIMUR,WGS 1984,604
CD01050140,KALISETAIL,KSL,35,KAB. BANYUWANGI,JAWA TIMUR,WGS 1984,605
CD01050140,KARANG ASEM (BANYUWANGI KOTA),KNE (BWI),35,KAB. BANYUWANGI,JAWA TIMUR,WGS 1984,606
,KETAPANG (BANYUWANGI BARU),KTP (BW),35,KAB. BANYUWANGI,JAWA TIMUR,,607
CD01050140,ROGOJAMPI,RGP,35,KAB. BANYUWANGI,JAWA TIMUR,WGS 1984,608
CD01050140,SINGOJURUH,SGJ,35,KAB. BANYUWANGI,JAWA TIMUR,WGS 1984,609
CD01050140,SUMBER WADUNG,SWD,35,KAB. BANYUWANGI,JAWA TIMUR,WGS 1984,610
CD01050140,TEMUGURUH,TGR,35,KAB. BANYUWANGI,JAWA TIMUR,WGS 1984,611
CD01050140,BAYEMAN,BYM,35,KAB. PROBOLINGGO,JAWA TIMUR,WGS 1984,622
CD01050140,PAMINGKE,PME,12,KAB. LABUHANBATU UTARA,SUMATERA UTARA,WGS 1984,42
CD01050140,SITUNGIR,SIU,12,KAB. LABUHANBATU UTARA,SUMATERA UTARA,WGS 1984,43
CD01050140,MEDAN,MDN,12,KOTA MEDAN,SUMATERA UTARA,WGS 1984,44
CD01050140,PULO BRAYAN,PUB,12,KOTA MEDAN,SUMATERA UTARA,WGS 1984,45
CD01050140,Belawan,BLW,12,KOTA MEDAN,SUMATERA UTARA,WGS 1984,46
CD01050140,Labuan,LBU,12,KOTA MEDAN,SUMATERA UTARA,WGS 1984,47
CD01050140,Tanjung Selamat,TAS,12,KAB. LANGKAT,SUMATERA UTARA,WGS 1984,48
CD01050140,SIANTAR,SIR,12,KOTA PEMATANGSIANTAR,SUMATERA UTARA,WGS 1984,49
CD01050140,TANJUNG BALAI,TNB,12,KOTA TANJUNG BALAI,SUMATERA UTARA,WGS 1984,50
CD01050140,BINJAI,BIJ,12,KOTA BINJAI,SUMATERA UTARA,WGS 1984,51
,LIDAH TANAH,LDT,12,KAB. SERDANG BEDAGAI,SUMATERA UTARA,,52
CD01050140,TEBING TINGGI,TBI,12,KOTA TEBING TINGGI,SUMATERA UTARA,WGS 1984,53
CD01050140,Kota Baru,KBU,13,KAB. TANAH DATAR,SUMATERA BARAT,WGS 1984,58
CD01050140,DUKU,DUK,13,KAB. PADANG PARIAMAN,SUMATERA BARAT,WGS 1984,61
CD01050140,LUBUK ALUNG,LA,13,KAB. PADANG PARIAMAN,SUMATERA BARAT,WGS 1984,62
CD01050140,KAYU TANAM,KTN,13,KAB. PADANG PARIAMAN,SUMATERA BARAT,WGS 1984,63
CD01050140,PASAR USANG,PRU,13,KAB. PADANG PARIAMAN,SUMATERA BARAT,WGS 1984,64
CD01050140,PAUH KAMBAR,PAK,13,KAB. PADANG PARIAMAN,SUMATERA BARAT,WGS 1984,65
CD01050140,SICINCIN,SCN,13,KAB. PADANG PARIAMAN,SUMATERA BARAT,WGS 1984,66
,AIR TAWAR,ATR,13,KOTA PADANG,SUMATERA BARAT,,76
CD01050140,BUKITPUTUS,BKP,13,KOTA PADANG,SUMATERA BARAT,WGS 1984,77
CD01050140,INDARUNG,IDA,13,KOTA PADANG,SUMATERA BARAT,WGS 1984,78
CD01050140,PADANG,PD,13,KOTA PADANG,SUMATERA BARAT,WGS 1984,80
CD01050140,PAUHLIMA,IMA,13,KOTA PADANG,SUMATERA BARAT,WGS 1984,81
CD01050140,TABING,TAB,13,KOTA PADANG,SUMATERA BARAT,WGS 1984,83
CD01050140,MUARA KALABAN,MKL/MKB,13,KOTA SAWAHLUNTO,SUMATERA BARAT,WGS 1984,89
CD01050140,SAWAH LUNTO,SWL,13,KOTA SAWAHLUNTO,SUMATERA BARAT,WGS 1984,90
CD01050140,NARAS,NRS,13,KOTA PARIAMAN,SUMATERA BARAT,WGS 1984,96
CD01050140,PARIAMAN,PMN,13,KOTA PARIAMAN,SUMATERA BARAT,WGS 1984,97
CD01050140,GLUMBANG,GLB,16,KAB. MUARA ENIM,SUMATERA SELATAN,WGS 1984,108
CD01050140,KARANG ENDAH,KED,16,KAB. MUARA ENIM,SUMATERA SELATAN,WGS 1984,109
CD01050140,LEMBAK,LEB,16,KAB. MUARA ENIM,SUMATERA SELATAN,WGS 1984,110
CD01050140,MUARAENIM,ME,16,KAB. MUARA ENIM,SUMATERA SELATAN,WGS 1984,111
CD01050140,MUARAGULA,MRL,16,KAB. MUARA ENIM,SUMATERA SELATAN,WGS 1984,112
CD01050140,SERDANG,SDN,16,KAB. MUARA ENIM,SUMATERA SELATAN,WGS 1984,113
CD01050140,UJANMAS,UJM,16,KAB. MUARA ENIM,SUMATERA SELATAN,WGS 1984,114
CD01050140,TANJUNG ENIM BARU,TMB,16,KAB. MUARA ENIM,SUMATERA SELATAN,WGS 1984,115
CD01050140,BELIMBING/BELIMBING PENDOPO,BIB,16,KAB. MUARA ENIM,SUMATERA SELATAN,WGS 1984,116
CD01050140,GUNUNGMEGANG,GNM,16,KAB. MUARA ENIM,SUMATERA SELATAN,WGS 1984,117
CD01050140,NIRU,NRU,16,KAB. MUARA ENIM,SUMATERA SELATAN,WGS 1984,118
CD01050140,Penanggiran,PNG,16,KAB. MUARA ENIM,SUMATERA SELATAN,WGS 1984,119
CD01050140,BANJARSARI,BJI,16,KAB. LAHAT,SUMATERA SELATAN,WGS 1984,122
CD01050140,LAHAT,LT,16,KAB. LAHAT,SUMATERA SELATAN,WGS 1984,123
CD01050140,SUKACINTA,SCT,16,KAB. LAHAT,SUMATERA SELATAN,WGS 1984,124
CD01050140,SUKARAJA,SUA,16,KAB. LAHAT,SUMATERA SELATAN,WGS 1984,125
CD01050140,SAUNGNAGA,SNA,16,KAB. LAHAT,SUMATERA SELATAN,WGS 1984,127
CD01050140,PAYAKABUNG,PYK,16,KAB. OGAN ILIR,SUMATERA SELATAN,WGS 1984,132
CD01050140,SIMPANG,SIG,16,KAB. OGAN ILIR,SUMATERA SELATAN,WGS 1984,133
CD01050140,INDRALAYA,IDR/IDY,16,KAB. OGAN ILIR,SUMATERA SELATAN,WGS 1984,134
CD01050140,TEBINGTINGGI,TI,16,KAB. EMPAT LAWANG,SUMATERA SELATAN,WGS 1984,135
CD01050140,MUARASALING,MSL,16,KAB. EMPAT LAWANG,SUMATERA SELATAN,WGS 1984,136
CD01050140,KERTAPATI,KPT,16,KOTA PALEMBANG,SUMATERA SELATAN,WGS 1984,137
CD01050140,LUBUK LINGGAU,LLG,16,KOTA LUBUK LINGGAU,SUMATERA SELATAN,WGS 1984,138
CD01050140,PENIMUR,PNM,16,KOTA PRABUMULIH,SUMATERA SELATAN,WGS 1984,139
CD01050140,PRABUMULIH,PBM,16,KOTA PRABUMULIH,SUMATERA SELATAN,WGS 1984,140
CD01050140,Prabumulih Baru,PBR X6,16,KOTA PRABUMULIH,SUMATERA SELATAN,WGS 1984,141
CD01050140,KOTAPADANG,KOP,17,KAB. REJANG LEBONG,BENGKULU,WGS 1984,143
CD01050140,METUR,MET,16,KAB. OGAN KOMERING ULU,SUMATERA SELATAN,WGS 1984,98
CD01050140,Belatung,BLT,16,KAB. OGAN KOMERING ULU,SUMATERA SELATAN,WGS 1984,99
CD01050140,Belimbing Air Kaka,BIK,16,KAB. OGAN KOMERING ULU,SUMATERA SELATAN,WGS 1984,100
CD01050140,Lubuk Batang,LBT,16,KAB. OGAN KOMERING ULU,SUMATERA SELATAN,WGS 1984,101
CD01050140,BATURAJA,BTA,16,KAB. OGAN KOMERING ULU,SUMATERA SELATAN,WGS 1984,102
CD01050140,PENINJAWAN,PNW,16,KAB. OGAN KOMERING ULU,SUMATERA SELATAN,WGS 1984,103
CD01050140,Lubuk Rukam,LRM,16,KAB. OGAN KOMERING ULU,SUMATERA SELATAN,WGS 1984,104
CD01050140,Sepancar,SPC,16,KAB. OGAN KOMERING ULU,SUMATERA SELATAN,WGS 1984,105
CD01050140,Tiga Gajah,TJH,16,KAB. OGAN KOMERING ULU,SUMATERA SELATAN,WGS 1984,106
,PAGAR GUNUNG,PGG,16,KAB. MUARA ENIM,SUMATERA SELATAN,,128
CD01050140,GILAS,GLS,16,KAB. OGAN KOMERING ULU TIMUR,SUMATERA SELATAN,WGS 1984,129
CD01050140,MARTAPURA,MP,16,KAB. OGAN KOMERING ULU TIMUR,SUMATERA SELATAN,WGS 1984,130
,SUNGAI TUHA,SGT,16,KAB. OGAN KOMERING ULU TIMUR,SUMATERA SELATAN,,131
CD01050140,TANJUNG RAMBANG,TJR,16,KOTA PRABUMULIH,SUMATERA SELATAN,WGS 1984,142
,GEDUNG RATU,GDR,18,KAB. LAMPUNG SELATAN,LAMPUNG,,144
CD01050140,REDJOSARI,RJS,18,KAB. LAMPUNG SELATAN,LAMPUNG,WGS 1984,145
CD01050140,BEKRI,BKI,18,KAB. LAMPUNG TENGAH,LAMPUNG,WGS 1984,146
CD01050140,HAJI PAMANGGILAN,HJP,18,KAB. LAMPUNG TENGAH,LAMPUNG,WGS 1984,147
CD01050140,RENGAS,RGS,18,KAB. LAMPUNG TENGAH,LAMPUNG,WGS 1984,148
CD01050140,SULUSUBAN,SLS,18,KAB. LAMPUNG TENGAH,LAMPUNG,WGS 1984,149
,BLAMBANGAN PAGAR,BBA,18,KAB. LAMPUNG UTARA,LAMPUNG,,151
,CANDIMAS,CMS,18,KAB. LAMPUNG UTARA,LAMPUNG,,152
,CEMPAKA,CEP,18,KAB. LAMPUNG UTARA,LAMPUNG,,153
,KALIBALANGAN,KAG,18,KAB. LAMPUNG UTARA,LAMPUNG,,154
,KETAPANG,KTP,18,KAB. LAMPUNG UTARA,LAMPUNG,,155
,KOTABUMI,KB,18,KAB. LAMPUNG UTARA,LAMPUNG,,156
CD01050140,NEGARA RATU,NRR,18,KAB. LAMPUNG UTARA,LAMPUNG,WGS 1984,157
,TEGINENENG,TGI,18,KAB. LAMPUNG SELATAN,LAMPUNG,,158
CD01050140,TULUNG BUYUT,TLY,18,KAB. LAMPUNG UTARA,LAMPUNG,WGS 1984,159
CD01050140,BLAMBANGAN UMPU,BBU,18,KAB. WAY KANAN,LAMPUNG,WGS 1984,160
CD01050140,GIHAM,GHM,18,KAB. WAY KANAN,LAMPUNG,WGS 1984,161
CD01050140,NEGRI AGUNG,NGN,18,KAB. WAY KANAN,LAMPUNG,WGS 1984,162
CD01050140,WAY PISANG,WAP,18,KAB. WAY KANAN,LAMPUNG,WGS 1984,163
CD01050140,WAY TUBA,WAY,18,KAB. WAY KANAN,LAMPUNG,WGS 1984,164
CD01050140,Tanjung Rajo,TJO,18,KAB. WAY KANAN,LAMPUNG,WGS 1984,165
CD01050140,PIDADA,PID,18,KOTA BANDAR LAMPUNG,LAMPUNG,WGS 1984,166
CD01050140,LABUAN RATU,LAR,18,KOTA BANDAR LAMPUNG,LAMPUNG,WGS 1984,167
CD01050140,Panjang,PJN,18,KOTA BANDAR LAMPUNG,LAMPUNG,WGS 1984,168
CD01050140,TANJUNG KARANG,TNK,18,KOTA BANDAR LAMPUNG,LAMPUNG,WGS 1984,169
CD01050140,Bedono,BDN,33,KAB. SEMARANG,JAWA TENGAH,WGS 1984,486
CD01050140,Mampang,MPG,31,KOTA JAKARTA PUSAT,DKI JAKARTA,WGS 1984,181
CD01050140,CIPINANG,CPN,31,KOTA ADM. JAKARTA TIMUR,DKI JAKARTA,WGS 1984,215
CD01050140,Cijambe,CJB/CJE,32,KAB. SUKABUMI,JAWA BARAT,WGS 1984,230
CD01050140,Pondok Leungsir,PDL/PON,32,KAB. SUKABUMI,JAWA BARAT,WGS 1984,231
CD01050140,Labuan,LBU/LBN,36,KAB. PANDEGLANG,BANTEN,WGS 1984,765
CD01050140,Saketi,STI,36,KAB. PANDEGLANG,BANTEN,WGS 1984,766
CD01050140,Bayah,BYH/BAH,36,KAB. LEBAK,BANTEN,WGS 1984,769
CD01050140,Anyerkidul,ANK,36,KAB. SERANG,BANTEN,WGS 1984,780
CD01050140,Cilaku,CLK,32,KAB. CIANJUR,JAWA BARAT,WGS 1984,239
CD01050140,Maleber,MLB,32,KAB. CIANJUR,JAWA BARAT,WGS 1984,240
CD01050140,Selajambe,SLJ,32,KAB. CIANJUR,JAWA BARAT,WGS 1984,241
CD01050140,Dayeuhkolot,DYK,32,KAB. BANDUNG,JAWA BARAT,WGS 1984,251
CD01050140,Majalaya,MJY/MJA,32,KAB. BANDUNG,JAWA BARAT,WGS 1984,253
CD01050140,Soreang,SRG,32,KAB. BANDUNG,JAWA BARAT,WGS 1984,254
CD01050140,Cikajang,CK/CKG,32,KAB. GARUT,JAWA BARAT,WGS 1984,256
CD01050140,Cisurupan,CSN,32,KAB. GARUT,JAWA BARAT,WGS 1984,257
CD01050140,Pirusa,PRS,32,KAB. TASIKMALAYA,JAWA BARAT,WGS 1984,269
CD01050140,Tanjungsari,-,32,KAB. SUMEDANG,JAWA BARAT,WGS 1984,286
CD01050140,Cisomang,CG,32,KAB. PURWAKARTA,JAWA BARAT,WGS 1984,308
CD01050140,Sadang,SAD,32,KAB. PURWAKARTA,JAWA BARAT,WGS 1984,309
CD01050140,Raja Mandala,RM,32,KAB. BANDUNG BARAT,JAWA BARAT,WGS 1984,321
CD01050140,Cijulang,CIJ,32,KAB. PANGANDARAN,JAWA BARAT,WGS 1984,331
CD01050140,Kalipucang,KLC,32,KAB. PANGANDARAN,JAWA BARAT,WGS 1984,332
CD01050140,Pangandaran,PND,32,KAB. PANGANDARAN,JAWA BARAT,WGS 1984,333
CD01050140,Ciwidey,CWD,32,KOTA BANDUNG,JAWA BARAT,WGS 1984,347
CD01050140,Singaparna,SPN/SPA,32,KOTA TASIKMALAYA,JAWA BARAT,WGS 1984,361
CD01050140,Kaliwedi,KLW,32,KAB. CIREBON,JAWA BARAT,WGS 1984,280
CD01050140,Kadipaten,KAD,32,KAB. MAJALENGKA,JAWA BARAT,WGS 1984,285
CD01050140,Indramayu,IM,32,KAB. INDRAMAYU,JAWA BARAT,WGS 1984,289
CD01050140,Karangampel,KAP,32,KAB. INDRAMAYU,JAWA BARAT,WGS 1984,290
CD01050140,Bulakamba,BKA,33,KAB. BREBES,JAWA TENGAH,WGS 1984,510
CD01050140,Ketanggungan Barat,KGB,33,KAB. BREBES,JAWA TENGAH,WGS 1984,511
CD01050140,Godong,GOG,33,KAB. GROBOGAN,JAWA TENGAH,WGS 1984,438
CD01050140,Pengkol,-,33,KAB. GROBOGAN,JAWA TENGAH,WGS 1984,442
CD01050140,Purwodadi,PW,33,KAB. GROBOGAN,JAWA TENGAH,WGS 1984,443
CD01050140,Wirosari,WLS/WRS,33,KAB. GROBOGAN,JAWA TENGAH,WGS 1984,447
CD01050140,Blora,BLA,33,KAB. BLORA,JAWA TENGAH,WGS 1984,458
CD01050140,Kunduran,KDR,33,KAB. BLORA,JAWA TENGAH,WGS 1984,460
CD01050140,Ngawen,NA,33,KAB. BLORA,JAWA TENGAH,WGS 1984,461
CD01050140,Delok,DEK,33,KAB. REMBANG,JAWA TENGAH,WGS 1984,466
CD01050140,Lasem,LS,33,KAB. REMBANG,JAWA TENGAH,WGS 1984,467
CD01050140,Mantingan,MNT,33,KAB. REMBANG,JAWA TENGAH,WGS 1984,468
CD01050140,Pamotan,PMT,33,KAB. REMBANG,JAWA TENGAH,WGS 1984,469
CD01050140,Rembang,RB,33,KAB. REMBANG,JAWA TENGAH,WGS 1984,470
CD01050140,Bulumanis,BIS,33,KAB. PATI,JAWA TENGAH,WGS 1984,471
CD01050140,Juwana,JU,33,KAB. PATI,JAWA TENGAH,WGS 1984,472
CD01050140,Pati,PT,33,KAB. PATI,JAWA TENGAH,WGS 1984,473
CD01050140,Tayu,TAY,33,KAB. PATI,JAWA TENGAH,WGS 1984,474
CD01050140,Kudus,KUD/KS,33,KAB. KUDUS,JAWA TENGAH,WGS 1984,475
CD01050140,Mayong,MY,33,KAB. JEPARA,JAWA TENGAH,WGS 1984,476
CD01050140,Pecangaan,PCG,33,KAB. JEPARA,JAWA TENGAH,WGS 1984,477
CD01050140,Welahan,WLH,33,KAB. JEPARA,JAWA TENGAH,WGS 1984,478
CD01050140,Buyaran,BYA,33,KAB. DEMAK,JAWA TENGAH,WGS 1984,479
CD01050140,Demak,DM,33,KAB. DEMAK,JAWA TENGAH,WGS 1984,480
CD01050140,Ngaloran,NLR,33,KAB. DEMAK,JAWA TENGAH,WGS 1984,481
CD01050140,Sayung,SYG,33,KAB. DEMAK,JAWA TENGAH,WGS 1984,482
CD01050140,TUNTANG,TTG,33,KAB. SEMARANG,JAWA TENGAH,WGS 1984,485
CD01050140,Beringin (Bringin),BRI,33,KAB. SEMARANG,JAWA TENGAH,WGS 1984,487
CD01050140,Jambu,JMB,33,KAB. SEMARANG,JAWA TENGAH,WGS 1984,488
CD01050140,Besokor,BSK,33,KAB. KENDAL,JAWA TENGAH,WGS 1984,493
CD01050140,Kendal,KL,33,KAB. KENDAL,JAWA TENGAH,WGS 1984,495
CD01050140,Wonopringgo,WNP (WPO),33,KAB. PEKALONGAN,JAWA TENGAH,WGS 1984,502
CD01050140,Genuk,GNK,33,KOTA SEMARANG,JAWA TENGAH,WGS 1984,529
CD01050140,Jurnatan,JNA,33,KOTA SEMARANG,JAWA TENGAH,WGS 1984,531
CD01050140,Kemijen,KME,33,KOTA SEMARANG,JAWA TENGAH,WGS 1984,532
CD01050140,Legok,LGK,33,KAB. BANYUMAS,JAWA TENGAH,WGS 1984,384
CD01050140,Patikraja,PKJ,33,KAB. BANYUMAS,JAWA TENGAH,WGS 1984,386
CD01050140,Purwokerto Timur,PKT,33,KAB. BANYUMAS,JAWA TENGAH,WGS 1984,387
CD01050140,Sokaraja,SOK,33,KAB. BANYUMAS,JAWA TENGAH,WGS 1984,388
CD01050140,Banjarsari,BJI/BJRS,33,KAB. BANYUMAS,JAWA TENGAH,WGS 1984,392
CD01050140,Banjarnegara,BA,33,KAB. BANJARNEGARA,JAWA TENGAH,WGS 1984,394
CD01050140,Purwareja,PWJ,33,KAB. BANJARNEGARA,JAWA TENGAH,WGS 1984,395
CD01050140,Soka,SOA,33,KAB. KEBUMEN,JAWA TENGAH,WGS 1984,401
CD01050140,Montelan,MTL,33,KAB. PURWOREJO,JAWA TENGAH,WGS 1984,409
CD01050140,Purworejo,PWR,33,KAB. PURWOREJO,JAWA TENGAH,WGS 1984,410
CD01050140,Selokromo,SOR,33,KAB. WONOSOBO,JAWA TENGAH,WGS 1984,411
CD01050140,Wonosobo,WS,33,KAB. WONOSOBO,JAWA TENGAH,WGS 1984,412
CD01050140,Secang,SCA,33,KAB. MAGELANG,JAWA TENGAH,WGS 1984,413
CD01050140,Boyolali,BI,33,KAB. BOYOLALI,JAWA TENGAH,WGS 1984,414
CD01050140,Kalisamin,KIM,33,KAB. SUKOHARJO,JAWA TENGAH,WGS 1984,426
CD01050140,Kronelan,KNL,33,KAB. SUKOHARJO,JAWA TENGAH,WGS 1984,427
CD01050140,Baturetno,BRO,33,KAb. WONOGIRI,JAWA TENGAH,WGS 1984,429
CD01050140,Parakan,PN/PRN,33,KAB. TEMANGGUNG,JAWA TENGAH,WGS 1984,489
CD01050140,Temanggung,TMG,33,KAB. TEMANGGUNG,JAWA TENGAH,WGS 1984,490
CD01050140,Magelang,MG,33,KOTA MAGELANG,JAWA TENGAH,WGS 1984,521
CD01050140,Sewugalur,SWG,34,KAB. KULON PROGO,DI YOGYAKARTA,WGS 1984,539
CD01050140,Palbapang,PLP,34,KAB. BANTUL,DI YOGYAKARTA,WGS 1984,541
CD01050140,Pundung,PDG,34,KAB. BANTUL,DI YOGYAKARTA,WGS 1984,542
CD01050140,Sedayu,SDY,34,KAB. BANTUL,DI YOGYAKARTA,WGS 1984,544
CD01050140,Srandakan,SDK,34,KAB. BANTUL,DI YOGYAKARTA,WGS 1984,545
CD01050140,Ngabean,NBN,34,KOTA YOGYAKARTA,DI YOGYAKARTA,WGS 1984,549
CD01050140,Pasar Gede,PGD,34,KOTA YOGYAKARTA,DI YOGYAKARTA,WGS 1984,550
CD01050140,Badegan,BDG,35,KAB. PONOROGO,JAWA TIMUR,WGS 1984,552
CD01050140,Balong,BNG,35,KAB. PONOROGO,JAWA TIMUR,WGS 1984,553
CD01050140,Ponorogo,PO,35,KAB. PONOROGO,JAWA TIMUR,WGS 1984,554
CD01050140,Slahung,SLH,35,KAB. PONOROGO,JAWA TIMUR,WGS 1984,555
CD01050140,Sumoroto,SMT,35,KAB. PONOROGO,JAWA TIMUR,WGS 1984,556
CD01050140,Trenggalek (Tugu),TGL (TGU),35,KAB. TRENGGALEK,JAWA TIMUR,WGS 1984,557
CD01050140,Campurdarat,CPT,35,KAB. TULUNGAGUNG,JAWA TIMUR,WGS 1984,563
CD01050140,Gurah,GU,35,KAB. KEDIRI,JAWA TIMUR,WGS 1984,564
CD01050140,Jengkol,JKL,35,KAB. KEDIRI,JAWA TIMUR,WGS 1984,565
CD01050140,Konto,KTO,35,KAB. KEDIRI,JAWA TIMUR,WGS 1984,566
CD01050140,Kuarasan,KRS,35,KAB. KEDIRI,JAWA TIMUR,WGS 1984,567
CD01050140,Pare,PE,35,KAB. KEDIRI,JAWA TIMUR,WGS 1984,568
CD01050140,Pehsentee,PST,35,KAB. KEDIRI,JAWA TIMUR,WGS 1984,569
CD01050140,Wales,-,35,KAB. KEDIRI,JAWA TIMUR,WGS 1984,570
CD01050140,Kambangan,KBG,35,KAB. JOMBANG,JAWA TIMUR,WGS 1984,663
CD01050140,Majoagung,MJG,35,KAB. JOMBANG,JAWA TIMUR,WGS 1984,664
CD01050140,Ngoro,NGR,35,KAB. JOMBANG,JAWA TIMUR,WGS 1984,665
CD01050140,Ploso,POS,35,KAB. JOMBANG,JAWA TIMUR,WGS 1984,666
CD01050140,Pulorejo,PLR,35,KAB. JOMBANG,JAWA TIMUR,WGS 1984,667
CD01050140,Pesantren,PES,35,KOTA KEDIRI,JAWA TIMUR,WGS 1984,721
CD01050140,Batu Lawang,BTW,35,KAB. MALANG,JAWA TIMUR,WGS 1984,571
CD01050140,Dampit,DPT,35,KAB. MALANG,JAWA TIMUR,WGS 1984,572
CD01050140,Gondang Legi,GDL,35,KAB. MALANG,JAWA TIMUR,WGS 1984,573
CD01050140,Tumpang,TPG,35,KAB. MALANG,JAWA TIMUR,WGS 1984,574
CD01050140,Jabung,JBG,35,KAB. PROBOLINGGO,JAWA TIMUR,WGS 1984,625
CD01050140,Malasan,MLS,35,KAB. PROBOLINGGO,JAWA TIMUR,WGS 1984,626
CD01050140,Phaiton,PHA,35,KAB. PROBOLINGGO,JAWA TIMUR,WGS 1984,627
CD01050140,Gunung Gangsir,GNG,35,KAB. PASURUAN,JAWA TIMUR,WGS 1984,628
CD01050140,Japanan,JPN,35,KAB. PASURUAN,JAWA TIMUR,WGS 1984,629
CD01050140,Ngempit,NGE,35,KAB. PASURUAN,JAWA TIMUR,WGS 1984,630
CD01050140,Nguling,NGU,35,KAB. PASURUAN,JAWA TIMUR,WGS 1984,631
CD01050140,Pandaan,-,35,KAB. PASURUAN,JAWA TIMUR,WGS 1984,632
CD01050140,Warungdowo,WRD,35,KAB. PASURUAN,JAWA TIMUR,WGS 1984,633
CD01050140,Winongan,WNG,35,KAB. PASURUAN,JAWA TIMUR,WGS 1984,634
CD01050140,BANJARKEMANTREN,BJK,35,KAB. SIDOARJO,JAWA TIMUR,WGS 1984,635
CD01050140,BUDURAN,BDR,35,KAB. SIDOARJO,JAWA TIMUR,WGS 1984,637
CD01050140,PAGERWOJO,PWJ,35,KAB. SIDOARJO,JAWA TIMUR,WGS 1984,641
CD01050140,SAWOTRATAP,STP,35,KAB. SIDOARJO,JAWA TIMUR,WGS 1984,643
CD01050140,Prambon,PBN,35,KAB. SIDOARJO,JAWA TIMUR,WGS 1984,650
CD01050140,Bangsal,BGS,35,KAB. MOJOKERTO,JAWA TIMUR,WGS 1984,652
CD01050140,Brangkal,BRL,35,KAB. MOJOKERTO,JAWA TIMUR,WGS 1984,653
CD01050140,Dinoyo,DNY,35,KAB. MOJOKERTO,JAWA TIMUR,WGS 1984,654
CD01050140,Gempolkerep,GKP,35,KAB. MOJOKERTO,JAWA TIMUR,WGS 1984,655
CD01050140,Lespadangan,LPD,35,KAB. MOJOKERTO,JAWA TIMUR,WGS 1984,656
CD01050140,Pohjejer,PJJ,35,KAB. MOJOKERTO,JAWA TIMUR,WGS 1984,657
CD01050140,Jatirogo,JTG,35,KAB. TUBAN,JAWA TIMUR,WGS 1984,687
CD01050140,Merakurak,MKR,35,KAB. TUBAN,JAWA TIMUR,WGS 1984,688
CD01050140,Plumpang,PMG,35,KAB. TUBAN,JAWA TIMUR,WGS 1984,689
CD01050140,Bluluk,BLK,35,KAB. LAMONGAN,JAWA TIMUR,WGS 1984,696
CD01050140,Kedungpring,KEI,35,KAB. LAMONGAN,JAWA TIMUR,WGS 1984,697
CD01050140,Ngimbang,NBG,35,KAB. LAMONGAN,JAWA TIMUR,WGS 1984,699
CD01050140,Gresik,GS,35,KAB. GRESIK,JAWA TIMUR,WGS 1984,703
CD01050140,Balega,BGA,35,KAB. BANGKALAN,JAWA TIMUR,WGS 1984,705
CD01050140,Bangkalan,BKL,35,KAB. BANGKALAN,JAWA TIMUR,WGS 1984,706
CD01050140,Kamal,KML,35,KAB. BANGKALAN,JAWA TIMUR,WGS 1984,707
CD01050140,Kwanyar,KWR,35,KAB. BANGKALAN,JAWA TIMUR,WGS 1984,708
CD01050140,Tanah Merah,TNM,35,KAB. BANGKALAN,JAWA TIMUR,WGS 1984,709
CD01050140,Sampang,SPG,35,KAB. SAMPANG,JAWA TIMUR,WGS 1984,710
CD01050140,Pamekasan,PM,35,KAB. PAMEKASAN,JAWA TIMUR,WGS 1984,711
CD01050140,Kalianget,KLG,35,KAB. SUMENEP,JAWA TIMUR,WGS 1984,712
CD01050140,Sumenep,SMN,35,KAB. SUMENEP,JAWA TIMUR,WGS 1984,713
CD01050140,Pasirian,PSR,35,KAB. LUMAJANG,JAWA TIMUR,WGS 1984,579
CD01050140,Ambulu,ABL,35,KAB. JEMBER,JAWA TIMUR,WGS 1984,589
CD01050140,Balung,BUG,35,KAB. JEMBER,JAWA TIMUR,WGS 1984,590
CD01050140,Kaliwates,KLW,35,KAB. JEMBER,JAWA TIMUR,WGS 1984,591
CD01050140,Kasiyamlor,KYR,35,KAB. JEMBER,JAWA TIMUR,WGS 1984,592
CD01050140,Puger,PG,35,KAB. JEMBER,JAWA TIMUR,WGS 1984,596
CD01050140,Sumberbaru,SBB,35,KAB. JEMBER,JAWA TIMUR,WGS 1984,598
CD01050140,Sumber Salak,SBS,35,KAB. BLITAR,JAWA TIMUR,WGS 1984,599
CD01050140,Benculuk,BEN,35,KAB. BANYUWANGI,JAWA TIMUR,WGS 1984,612
CD01050140,Kabat Baru,KBL,35,KAB. BANYUWANGI,JAWA TIMUR,WGS 1984,613
CD01050140,Kabat Lama,,35,KAB. BANYUWANGI,JAWA TIMUR,WGS 1984,614
CD01050140,Kempit,KP,35,KAB. BANYUWANGI,JAWA TIMUR,WGS 1984,615
CD01050140,Krikilan,KKL,35,KAB. BANYUWANGI,JAWA TIMUR,WGS 1984,616
CD01050140,Srono,SRO,35,KAB. BANYUWANGI,JAWA TIMUR,WGS 1984,617
CD01050140,BONDOWOSO,BO,35,KAB. BONDOWOSO,JAWA TIMUR,WGS 1984,618
CD01050140,Panarukan,PNR,35,KAB. SITUBONDO,JAWA TIMUR,WGS 1984,619
CD01050140,Panji,PJ,35,KAB. SITUBONDO,JAWA TIMUR,WGS 1984,620
CD01050140,Situbondo,SIT,35,KAB. SITUBONDO,JAWA TIMUR,WGS 1984,621
CD01050140,Seulimeum,SMM,11,KAB. ACEH BESAR,ACEH,WGS 1984,2
CD01050140,Beureunun,BUN,11,KAB. PIDIE,ACEH,WGS 1984,3
CD01050140,Lammeulo,-,11,KAB. PIDIE,ACEH,WGS 1984,4
CD01050140,Sigli,SGI,11,KAB. PIDIE,ACEH,WGS 1984,5
CD01050140,Bireuen,BIR,11,KAB. BIREUEN,ACEH,WGS 1984,8
CD01050140,Kuala Simpang,-,11,KAB. ACEH TAMIANG,ACEH,WGS 1984,9
CD01050140,Semadam,-,11,KAB. ACEH TAMIANG,ACEH,WGS 1984,10
CD01050140,Banda Aceh,BNA,11,KOTA BANDA ACEH,ACEH,WGS 1984,11
CD01050140,Ule Lheue,-,11,KOTA BANDA ACEH,ACEH,WGS 1984,12
CD01050140,Lhokseumawe,LSM,11,KOTA LHOKSEUMAWE,ACEH,WGS 1984,13
CD01050140,Kuala Langsa,-,11,KOTA LANGSA,ACEH,WGS 1984,14
CD01050140,Langsa,-,11,KOTA LANGSA,ACEH,WGS 1984,15
CD01050140,Besitang,BSG,12,KAB. LANGKAT,SUMATERA UTARA,WGS 1984,17
CD01050140,Pangkalan Brandan,PBD,12,KAB. LANGKAT,SUMATERA UTARA,WGS 1984,18
CD01050140,Pangkalan Susu,PSU,12,KAB. LANGKAT,SUMATERA UTARA,WGS 1984,19
CD01050140,Ampalu,TJA,13,KAB. SIJUNJUNG,SUMATERA BARAT,WGS 1984,54
CD01050140,Muaro,MRO,13,KAB. SIJUNJUNG,SUMATERA BARAT,WGS 1984,55
CD01050140,Padang Sibusuk,PSK,13,KAB. SIJUNJUNG,SUMATERA BARAT,WGS 1984,56
CD01050140,BATU TABAL,BTL,13,KAB. TANAH DATAR,SUMATERA BARAT,WGS 1984,57
CD01050140,Kubu Kerambil,KKR,13,KAB. TANAH DATAR,SUMATERA BARAT,WGS 1984,59
CD01050140,Pasar Rebo,-,13,KAB. TANAH DATAR,SUMATERA BARAT,WGS 1984,60
CD01050140,Kandang Ampat,KDP,13,KAB. PADANG PARIAMAN,SUMATERA BARAT,WGS 1984,67
CD01050140,Parit Malintang,PRM,13,KAB. PADANG PARIAMAN,SUMATERA BARAT,WGS 1984,68
CD01050140,Sungai Limau,-,13,KAB. PADANG PARIAMAN,SUMATERA BARAT,WGS 1984,69
CD01050140,Halteu Baso,BSO,13,KAB. AGAM,SUMATERA BARAT,WGS 1984,70
CD01050140,Padang Luar,PDR,13,KAB. AGAM,SUMATERA BARAT,WGS 1984,71
CD01050140,Padang Tarab,-,13,KAB. AGAM,SUMATERA BARAT,WGS 1984,72
CD01050140,Tanjung Alam,-,13,KAB. AGAM,SUMATERA BARAT,WGS 1984,73
CD01050140,Limbanang,-,13,KAB. LIMA PULUH KOTA,SUMATERA BARAT,WGS 1984,74
CD01050140,Piladang,PLG,13,KAB. LIMA PULUH KOTA,SUMATERA BARAT,WGS 1984,75
CD01050140,PULAU AIR,PLA,13,KOTA PADANG,SUMATERA BARAT,WGS 1984,82
CD01050140,Teluk Bayur,TBY,13,KOTA PADANG,SUMATERA BARAT,WGS 1984,84
CD01050140,SINGKARAK,SKA,13,KAB. SOLOK,SUMATERA BARAT,WGS 1984,85
CD01050140,SOLOK,SLK,13,KOTA SOLOK,SUMATERA BARAT,WGS 1984,86
CD01050140,Kacang,KCN,13,KAB. SOLOK,SUMATERA BARAT,WGS 1984,87
CD01050140,Sungai Lassi,SNL,13,KAB. SOLOK,SUMATERA BARAT,WGS 1984,88
CD01050140,Silungkang,SLN,13,KOTA SAWAHLUNTO,SUMATERA BARAT,WGS 1984,91
CD01050140,PADANG PANJANG,PP,13,KOTA PADANG PANJANG,SUMATERA BARAT,WGS 1984,92
CD01050140,BUKIT TINGGI,BUK/BKT,13,KOTA BUKITTINGGI,SUMATERA BARAT,WGS 1984,93
CD01050140,Payakumbuh,-,13,KOTA PAYAKUMBUH,SUMATERA BARAT,WGS 1984,94
CD01050140,KURAI TADJI,KI,13,KOTA PARIAMAN,SUMATERA BARAT,WGS 1984,95
CD01050140,Talangpadang,TLP,16,KAB. MUARA ENIM,SUMATERA SELATAN,WGS 1984,120
CD01050140,Tanjung Terang,TTR,16,KAB. MUARA ENIM,SUMATERA SELATAN,WGS 1984,121
